id_municipio,SDG10_20_MINF_norm,SDG10_20_MINF_cor,SDG10_21_GRV_norm,SDG10_21_GRV_cor,SDG10_22_ADER_norm,SDG10_22_ADER_cor,SDG10_35_VLC_LGBT_norm,SDG10_35_VLC_LGBT_cor,SDG10_3_RZHOM_norm,SDG10_3_RZHOM_cor,SDG11_33_M_TRNS_norm,SDG11_33_M_TRNS_cor,SDG12_2_RSD_SLD_norm,SDG12_2_RSD_SLD_cor,SDG13_2_CO2_norm,SDG13_2_CO2_cor,SDG13_6_TRNS_SL_norm,SDG13_6_TRNS_SL_cor,SDG15_2_FLOR_norm,SDG15_2_FLOR_cor,SDG16_1_OB_HM_norm,SDG16_1_OB_HM_cor,SDG16_3_M_ARM_FG_norm,SDG16_3_M_ARM_FG_cor,SDG16_4_TX_HMC_norm,SDG16_4_TX_HMC_cor,SDG17_1_INVST_PB_norm,SDG17_1_INVST_PB_cor,SDG17_3_P_RC_TRB_norm,SDG17_3_P_RC_TRB_cor,SDG1_1_P_F_CU_norm,SDG1_1_P_F_CU_cor,SDG2_1_OBS_INF_norm,SDG2_1_OBS_INF_cor,SDG2_2_P_NV_BPN_norm,SDG2_2_P_NV_BPN_cor,SDG2_3_DSNT_INF_norm,SDG2_3_DSNT_INF_cor,SDG3_13_SCD_norm,SDG3_13_SCD_cor,SDG3_15_T_M_INF_norm,SDG3_15_T_M_INF_cor,SDG3_16_M_MAT_norm,SDG3_16_M_MAT_cor,SDG3_17_T_M_5A_norm,SDG3_17_T_M_5A_cor,SDG3_18_T_M_NT_norm,SDG3_18_T_M_NT_cor,SDG3_19_T_M_AIDS_norm,SDG3_19_T_M_AIDS_cor,SDG3_1_C_VCN_norm,SDG3_1_C_VCN_cor,SDG3_22_T_M_DC_norm,SDG3_22_T_M_DC_cor,SDG3_27_DSP_SAU_norm,SDG3_27_DSP_SAU_cor,SDG3_29_SF_norm,SDG3_29_SF_cor,SDG3_2_INC_DNG_norm,SDG3_2_INC_DNG_cor,SDG3_32_UBS_norm,SDG3_32_UBS_cor,SDG3_3_HPT_norm,SDG3_3_HPT_cor,SDG3_3_P_NV_7PN_norm,SDG3_3_P_NV_7PN_cor,SDG3_6_ID_MD_M_norm,SDG3_6_ID_MD_M_cor,SDG3_8_GRV_norm,SDG3_8_GRV_cor,SDG3_9_INC_TRB_norm,SDG3_9_INC_TRB_cor,SDG4_13_P_E_ACS_norm,SDG4_13_P_E_ACS_cor,SDG4_14B_P_E_AEE_norm,SDG4_14B_P_E_AEE_cor,SDG4_18_D_SUP_EI_norm,SDG4_18_D_SUP_EI_cor,SDG4_19_D_SUP_EF_norm,SDG4_19_D_SUP_EF_cor,SDG4_1_P_EF_INT_norm,SDG4_1_P_EF_INT_cor,SDG4_26_R_M_D_PE_norm,SDG4_26_R_M_D_PE_cor,SDG4_27_R_M_D_EF_norm,SDG4_27_R_M_D_EF_cor,SDG4_3_TDI_EF_RP_norm,SDG4_3_TDI_EF_RP_cor,SDG4_4_PCT_CRECHE_norm,SDG4_4_PCT_CRECHE_cor,SDG4_7_FR_E_4A17_AJ_norm,SDG4_7_FR_E_4A17_AJ_cor,SDG5_6_RND_GEN_norm,SDG5_6_RND_GEN_cor,SDG5_8_TX_FMNC_norm,SDG5_8_TX_FMNC_cor,SDG6_1_IN_DRSAI_norm,SDG6_1_IN_DRSAI_cor,SDG6_4_PRD_AG_norm,SDG6_4_PRD_AG_cor,SDG6_6_SERV_AG_norm,SDG6_6_SERV_AG_cor,SDG8_9_T_OCUP_FORM_norm,SDG8_9_T_OCUP_FORM_cor,SDG9_1_INFRA_norm,SDG9_1_INFRA_cor,SDG9_2_EMP_INT_norm,SDG9_2_EMP_INT_cor
4200051,0.1575,green,0.1537,green,0.4611,orange,0.0,red,0.6473,red,0.0412,red,0.1579,orange,0.119,red,0.2814,orange,0.073,green,0.1992,orange,0.2787,red,0.1829,orange,0.7729,green,0.108,orange,0.5132,red,0.1311,yellow,0.4581,orange,0.1662,yellow,0.0869,green,0.27,yellow,0.0,orange,0.2826,green,0.1111,green,0.4866,red,0.1451,red,0.2519,yellow,0.5762,green,1.0,green,0.0043,green,0.2227,yellow,0.0,green,0.6242,red,0.6726,green,0.4835,red,0.0866,yellow,0.6567,green,0.0,red,1.0,green,0.8671,green,0.8343,red,0.2294,green,0.0288,orange,0.5059,orange,0.4748,yellow,0.9693,green,0.2323,red,0.2343,orange,0.0222,orange,0.3286,green,0.9435,green,0.3246,orange,0.5409,green,0.3264,green
4200101,0.1621,yellow,0.3488,yellow,0.2627,green,0.0,red,0.3369,green,0.1113,orange,0.3161,green,0.0621,orange,0.0836,green,0.0384,yellow,0.3233,red,0.2622,red,0.3958,red,0.1024,red,0.1438,yellow,0.6905,yellow,0.2142,orange,0.5747,red,0.3763,red,0.2286,yellow,0.465,red,0.3721,red,0.5566,red,0.2961,red,0.1782,yellow,0.2575,red,0.1921,green,0.2101,orange,1.0,green,0.1939,orange,0.195,orange,0.1634,orange,0.3839,orange,0.2932,red,0.5543,red,0.0967,orange,0.3213,orange,0.0543,red,0.6245,red,0.5669,red,0.8806,red,0.0837,red,0.0583,yellow,0.3715,yellow,0.1921,red,0.7538,orange,0.4407,yellow,0.262,orange,0.1124,green,0.5909,orange,0.6252,orange,0.4202,yellow,0.1461,orange,0.1567,yellow
4200200,0.1656,yellow,0.4272,red,0.3531,yellow,0.0,red,0.4759,orange,0.1529,yellow,0.1046,red,0.0323,yellow,0.3028,red,0.0194,orange,0.1342,yellow,0.2304,red,0.2175,orange,0.1118,red,0.1997,yellow,0.5999,orange,0.0945,yellow,0.2661,green,0.2785,orange,0.3615,orange,0.3277,yellow,0.3368,red,0.3671,yellow,0.1613,yellow,0.2328,orange,0.4403,yellow,0.46,orange,0.1819,orange,1.0,green,0.0049,yellow,0.2,yellow,0.0239,green,0.4276,orange,0.4388,orange,0.263,yellow,0.04,green,0.3644,orange,0.2221,yellow,0.7688,orange,0.5598,red,0.9044,orange,0.2596,green,0.0437,yellow,0.3182,yellow,0.4786,yellow,0.7683,orange,0.3064,red,0.4406,red,0.0243,orange,0.7341,red,0.7791,yellow,0.5085,green,0.2761,green,0.2287,yellow
4200309,0.2235,orange,0.4518,red,0.4922,orange,0.0,red,0.2921,green,0.4456,green,0.2435,yellow,0.0462,yellow,0.4975,red,0.0175,orange,0.0,green,0.0,green,0.0,green,0.2561,yellow,0.1533,yellow,0.604,orange,0.0135,green,0.2786,green,0.0649,green,0.3703,red,0.1063,green,0.275,red,0.1119,green,0.0,green,0.2288,orange,0.7753,green,0.2939,yellow,0.1556,red,0.8621,orange,0.0153,yellow,0.1294,orange,0.1082,yellow,0.2131,yellow,0.4644,orange,0.2655,yellow,0.0,green,0.1487,red,0.1392,orange,0.9153,green,0.698,orange,0.9029,orange,0.1164,orange,0.0609,yellow,0.4557,orange,0.3221,red,0.701,orange,0.5759,green,0.0,green,0.0048,red,0.9374,red,0.4538,orange,0.2702,orange,0.0926,red,0.4377,green
4200408,0.2108,orange,0.3791,orange,0.3558,yellow,0.0,red,0.4805,orange,0.5462,green,0.3398,green,0.1875,red,0.1419,yellow,0.154,green,0.1098,yellow,0.1599,orange,0.1378,yellow,0.2409,yellow,0.1269,orange,0.5142,red,0.0647,green,0.4167,yellow,0.2192,yellow,0.3358,orange,0.4132,orange,0.0,orange,0.5092,red,0.2589,red,0.1763,yellow,0.3988,orange,0.3549,yellow,0.353,yellow,1.0,green,0.0077,yellow,0.2597,yellow,0.0953,yellow,0.4878,red,0.56,yellow,0.5779,red,0.0426,green,0.1701,red,0.0925,red,0.9203,green,0.8947,green,0.4629,red,0.1185,orange,0.0242,orange,0.6161,red,0.1861,red,0.9358,yellow,0.4638,yellow,0.2491,orange,0.5616,green,0.4988,yellow,0.511,orange,0.4374,yellow,0.1519,orange,0.1403,orange
4200507,0.1513,green,0.2464,green,0.7604,red,0.0,red,0.4075,yellow,0.2502,green,0.2083,yellow,0.0456,yellow,0.2906,orange,0.0124,orange,0.0786,yellow,0.0548,yellow,0.0721,green,0.1536,orange,0.0719,orange,0.6334,orange,0.1875,orange,0.4158,yellow,0.2177,yellow,0.4897,red,0.2798,yellow,0.0,orange,0.3457,yellow,0.1839,yellow,0.2908,orange,0.4689,yellow,0.2688,yellow,0.2207,orange,0.8342,red,0.9706,red,0.277,green,0.1148,yellow,0.3075,orange,0.5395,yellow,0.4053,orange,0.0594,yellow,0.5243,green,0.2315,yellow,0.8763,yellow,0.8089,yellow,0.9556,green,0.0281,red,0.291,green,0.606,red,0.1739,red,0.6263,red,0.5167,yellow,0.14,green,0.1587,green,0.5784,orange,0.5259,orange,0.0586,red,0.2284,yellow,0.0985,orange
4200556,0.2011,orange,0.0995,green,0.2595,green,0.0,red,0.2267,green,0.1906,green,0.4982,green,0.1136,red,0.1852,yellow,0.0186,orange,0.1014,yellow,0.0,green,0.1985,orange,0.6787,green,0.0429,red,0.4224,red,0.1229,yellow,0.1804,green,0.0799,green,0.2827,orange,0.1969,green,0.0,orange,0.2061,green,0.0789,green,0.5326,red,0.7268,green,0.3633,yellow,0.5257,green,1.0,green,0.2439,red,0.2639,yellow,0.5472,red,0.1765,green,0.676,green,0.2946,yellow,0.058,yellow,0.5372,green,0.3395,green,0.9774,green,0.8056,yellow,0.9612,green,0.2368,green,0.0834,green,0.0309,green,0.4489,yellow,0.9649,green,0.384,orange,0.2555,orange,0.3209,green,0.3781,green,0.4144,red,0.3758,yellow,0.2287,yellow,0.0463,red
4200606,0.4956,red,0.3762,orange,0.5331,red,0.0,red,0.5645,red,0.5816,green,0.1842,orange,0.0347,yellow,0.1354,green,0.0997,green,0.1184,yellow,0.1097,yellow,0.1093,yellow,0.197,orange,0.1223,orange,0.6337,orange,0.0455,green,0.249,green,0.1062,green,0.2532,yellow,0.2963,yellow,0.0,orange,0.3101,yellow,0.1473,yellow,0.2909,orange,0.6675,green,0.6511,red,0.1919,orange,1.0,green,0.0253,orange,0.1631,orange,0.2651,red,0.1418,green,0.5129,yellow,0.1252,green,0.1831,red,0.1103,red,0.1198,red,0.8022,yellow,0.6495,red,0.9689,green,0.145,yellow,0.0114,red,0.3958,orange,0.3858,orange,0.9422,yellow,0.6834,green,0.1872,yellow,0.0301,yellow,0.5631,yellow,0.3262,red,0.2318,orange,0.1714,orange,0.2609,yellow
4200705,0.1589,green,0.2794,green,0.5267,red,0.0,red,0.3457,green,0.4194,green,0.3804,green,0.0732,orange,0.2129,orange,0.0981,green,0.1866,orange,0.1395,orange,0.3024,red,0.1324,orange,0.1198,orange,0.7973,green,0.2014,orange,0.4672,orange,0.17,yellow,0.2048,yellow,0.3189,yellow,0.0,orange,0.2898,green,0.1304,green,0.0,green,0.4065,orange,0.4177,orange,0.3944,yellow,0.9436,orange,0.006,yellow,0.1179,red,0.0394,green,0.4838,red,0.4848,orange,0.3521,orange,0.0361,green,0.1753,red,0.1174,red,0.7151,orange,0.5554,red,0.8435,red,0.3062,green,0.0443,yellow,0.4416,orange,0.1784,red,0.8074,orange,0.5067,yellow,0.2964,orange,0.051,yellow,0.6946,red,0.2411,red,0.1257,red,0.096,red,0.1508,yellow
4200754,0.2348,red,0.5208,red,0.141,green,0.0,red,0.4117,yellow,0.0201,red,0.1549,orange,0.118,red,0.3279,red,0.0456,yellow,0.1936,orange,0.1844,orange,0.1209,yellow,0.6038,green,0.0322,red,0.4122,red,0.3521,red,0.5937,red,0.3796,red,0.4798,red,0.0,green,0.0,orange,0.1912,green,0.0,green,0.0,green,0.7435,green,0.5302,red,0.7014,green,1.0,green,0.0808,orange,0.4025,green,0.2031,orange,0.2488,yellow,0.8501,green,0.1649,green,0.0,green,0.1322,red,0.2787,green,0.9079,green,0.8118,yellow,1.0,green,0.0897,orange,0.0475,yellow,0.0802,green,0.5022,yellow,0.9678,green,0.5093,yellow,0.0,green,0.0251,yellow,0.4494,yellow,0.7503,yellow,0.1848,red,0.2605,green,0.047,red
4200804,0.1655,yellow,0.304,yellow,0.3588,yellow,0.0,red,0.5244,red,0.128,orange,0.3861,green,0.0883,orange,0.1442,yellow,0.025,yellow,0.1796,orange,0.1805,orange,0.279,red,0.1002,red,0.1115,orange,0.7658,green,0.1077,yellow,0.3325,green,0.2951,orange,0.3164,orange,0.3688,orange,0.0,orange,0.3808,orange,0.1873,yellow,0.0,green,0.3683,orange,0.4088,orange,0.4036,yellow,1.0,green,0.0995,orange,0.1778,orange,0.7078,red,0.2264,yellow,0.6717,green,0.331,orange,0.0253,green,0.1991,red,0.2264,yellow,0.8401,yellow,0.8856,green,0.9223,yellow,0.0443,red,0.0125,red,0.2428,yellow,0.474,yellow,0.9848,green,0.5143,yellow,0.3027,red,0.0442,yellow,0.5609,yellow,0.5666,orange,0.257,orange,0.1158,red,0.3341,green
4200903,0.1762,yellow,0.6435,red,0.2442,green,0.0,red,0.3605,yellow,0.044,red,0.1754,orange,0.0647,orange,0.1432,yellow,0.1769,green,0.0,green,0.0,green,0.0437,green,0.1045,red,0.0632,red,0.6171,orange,0.4232,red,0.3735,yellow,0.6189,red,0.4226,red,0.2887,yellow,0.3729,red,0.3021,yellow,0.0556,green,0.0,green,0.22,red,0.9705,red,0.2082,orange,1.0,green,0.0124,yellow,0.3469,green,0.0,green,0.4095,orange,0.7767,green,0.2186,green,0.1032,orange,0.5656,green,0.211,yellow,0.7566,orange,0.6081,red,0.8218,red,0.0225,red,0.002,red,0.5355,orange,0.2863,red,0.9662,green,0.4886,yellow,0.3169,red,0.0394,yellow,0.592,orange,0.0693,red,0.1687,red,0.1269,orange,0.2341,yellow
4201000,0.2007,orange,0.4288,red,0.3275,yellow,0.074,red,0.2993,green,0.1591,yellow,0.2203,yellow,0.0841,orange,0.2724,orange,0.074,green,0.1975,orange,0.0465,yellow,0.1864,orange,0.14,orange,0.0747,orange,0.9326,green,0.1639,orange,0.526,red,0.369,red,0.2374,yellow,0.5093,red,0.22,red,0.533,red,0.3717,red,0.1636,yellow,0.4185,yellow,0.9885,red,0.167,red,1.0,green,0.0018,green,0.0525,red,0.0,green,0.2775,yellow,0.6102,yellow,0.6027,red,0.0414,green,0.3392,orange,0.0788,red,0.9819,green,0.9047,green,0.8364,red,0.9303,green,0.0394,orange,0.2151,green,0.394,orange,0.9497,yellow,0.6503,green,0.2792,orange,0.3266,green,0.5631,yellow,0.7042,yellow,0.205,red,0.1068,red,0.1699,yellow
4201109,0.2063,orange,0.2927,green,0.5384,red,0.0,red,0.3156,green,0.0268,red,0.2167,yellow,0.0738,orange,0.112,green,0.3147,green,0.0777,yellow,0.0,green,0.0721,green,0.2442,yellow,0.0466,red,0.9777,green,0.0935,green,0.0146,green,0.1876,yellow,0.2114,yellow,0.101,green,0.0,orange,0.2013,green,0.0,green,0.0,green,0.1515,red,0.3326,yellow,0.2842,yellow,1.0,green,0.014,yellow,0.1576,orange,0.0185,green,0.1623,green,0.6334,green,0.2465,yellow,0.0927,yellow,0.3636,orange,0.4677,green,0.8957,green,0.6924,red,0.9482,green,0.1891,yellow,0.0232,orange,0.8726,red,0.2525,red,0.8915,yellow,0.428,orange,0.2816,orange,0.2948,green,0.2232,green,0.3567,red,0.1622,red,0.1625,orange,0.1643,yellow
4201208,0.1595,green,0.366,orange,0.5258,red,0.0,red,0.5213,red,0.0488,red,0.1592,orange,0.0418,yellow,0.1407,yellow,0.0467,yellow,0.113,yellow,0.0748,yellow,0.1048,yellow,0.2636,yellow,0.1758,yellow,0.7002,yellow,0.2118,orange,0.3627,yellow,0.0755,green,0.1039,green,0.2901,yellow,0.0,orange,0.2763,green,0.1349,green,0.0536,yellow,0.5012,yellow,0.2072,green,0.2975,yellow,1.0,green,0.043,orange,0.0909,red,0.0597,green,0.1253,green,0.7573,green,0.1013,green,0.0946,yellow,0.8926,green,0.1728,orange,0.8426,yellow,0.8597,yellow,0.9223,yellow,0.4445,green,0.3569,green,0.1296,green,0.5054,yellow,0.9622,green,0.4511,yellow,0.0695,green,0.0129,orange,0.3898,green,0.651,orange,0.4702,yellow,0.1665,orange,0.1259,orange
4201257,0.1548,green,0.2459,green,0.1904,green,0.0388,red,0.4519,orange,0.4856,green,0.1283,red,0.0263,yellow,0.215,orange,0.0902,green,0.2901,red,0.134,orange,0.3112,red,0.121,red,0.103,orange,0.7875,green,0.1077,yellow,0.3743,yellow,0.2244,yellow,0.3325,orange,0.3882,orange,0.0,orange,0.4375,orange,0.2393,orange,0.1818,yellow,0.293,red,0.3114,yellow,0.2491,orange,0.9932,orange,0.222,red,0.2951,green,0.0894,yellow,0.2054,green,0.2656,red,0.3706,orange,0.0946,yellow,0.2458,red,0.0594,red,0.7236,orange,0.5725,red,0.9482,green,0.0832,red,0.018,red,0.2847,yellow,0.4994,yellow,0.7633,orange,0.4114,orange,0.1389,green,0.0133,orange,0.8074,red,0.7205,yellow,0.4808,yellow,0.0003,red,0.046,red
4201273,0.1887,yellow,0.4166,orange,0.9528,red,0.0,red,0.3822,yellow,0.0751,red,0.2779,green,0.094,red,0.2276,orange,0.0341,yellow,0.1612,orange,0.2511,red,0.2196,orange,0.3039,yellow,0.0793,orange,0.2191,red,0.2487,orange,0.5069,orange,0.0479,green,0.4891,red,0.262,green,0.0,orange,0.2573,green,0.1366,green,0.1472,yellow,0.1716,red,0.2901,yellow,0.4946,green,1.0,green,0.04,orange,0.2283,yellow,0.0621,green,0.2941,yellow,0.8624,green,0.2134,green,0.035,green,0.8347,green,0.4063,green,0.8259,yellow,0.7745,orange,0.9482,green,0.1652,yellow,0.0194,red,0.2138,green,0.4851,yellow,0.9822,green,0.5294,yellow,0.2766,orange,0.0143,orange,0.404,green,0.2834,red,0.2277,orange,0.1533,orange,0.273,yellow
4201307,0.2655,red,0.2903,green,0.2301,green,0.0,red,0.5206,red,0.2933,green,0.1751,orange,0.0371,yellow,0.1058,green,0.0125,orange,0.3335,red,0.4593,red,0.4403,red,0.1504,orange,0.291,green,0.7863,green,0.0685,green,0.3585,green,0.2107,yellow,0.1395,green,0.2184,green,0.034,orange,0.2495,green,0.1027,green,0.5241,red,0.2152,red,0.008,green,0.1457,red,0.8112,red,0.5936,red,0.0272,red,0.0549,green,0.4045,orange,0.025,red,0.403,orange,0.3194,red,0.2891,orange,0.055,red,0.7636,orange,0.7242,orange,0.871,red,0.1073,orange,0.0639,yellow,0.6271,red,0.3262,orange,0.6094,red,0.432,yellow,0.2107,yellow,0.015,orange,0.6552,orange,0.7501,yellow,0.7805,green,0.0012,red,0.4777,green
4201406,0.1946,orange,0.3243,yellow,0.3156,yellow,0.0028,red,0.4554,orange,0.1227,orange,0.1704,orange,0.0093,green,0.0555,green,0.0011,red,0.2341,red,0.2149,red,0.2887,red,0.0368,red,0.3586,green,0.7361,yellow,0.0905,green,0.4014,yellow,0.1879,yellow,0.2704,yellow,0.381,orange,0.0952,red,0.4134,orange,0.2137,orange,0.4287,red,0.4315,yellow,0.3837,orange,0.041,red,0.5336,red,0.0039,green,0.1131,red,0.1709,orange,0.4099,orange,0.4177,orange,0.3013,yellow,0.2691,red,0.3182,orange,0.1935,orange,0.8149,yellow,0.9612,green,0.7455,red,0.0729,red,0.0254,orange,0.4438,orange,0.4383,yellow,0.4628,red,0.5151,yellow,0.215,yellow,0.014,orange,0.2151,green,0.674,orange,0.36,yellow,0.1445,orange,0.3482,green
4201505,0.2031,orange,0.5418,red,0.4109,orange,0.0,red,0.3504,yellow,0.1134,orange,0.1678,orange,0.0482,yellow,0.1315,green,0.0189,orange,0.1085,yellow,0.0,green,0.109,yellow,0.1278,red,0.0919,orange,0.658,yellow,0.4669,red,0.5181,orange,0.2979,orange,0.3295,orange,0.1371,green,0.0,orange,0.179,green,0.0817,green,0.1473,yellow,0.5124,green,0.2209,green,0.1425,red,0.7911,red,0.0021,green,0.139,orange,0.0452,green,0.3112,orange,0.6592,green,0.3286,orange,0.1381,orange,0.6457,green,0.2645,yellow,0.5365,red,0.6125,red,0.9294,yellow,0.2706,green,0.0112,red,0.416,orange,0.6216,green,0.6105,red,0.2932,red,0.3109,red,0.1021,green,0.3845,green,0.3975,red,0.4787,yellow,0.1597,orange,0.0898,orange
4201604,0.1296,green,0.4287,red,0.8249,red,0.0,red,0.5313,red,0.0716,red,0.2972,green,0.07,orange,0.1627,yellow,0.0291,yellow,0.0699,yellow,0.1005,yellow,0.0659,green,0.2891,yellow,0.0648,red,0.3166,red,0.1276,yellow,0.5302,red,0.3015,orange,0.5879,red,0.392,orange,0.0,orange,0.6086,red,0.1482,yellow,0.0,green,0.6513,green,0.2901,yellow,0.4394,green,0.9654,orange,0.0152,yellow,0.1433,orange,0.1305,orange,0.0772,green,0.6042,yellow,0.3048,yellow,0.1253,orange,0.6914,green,0.1122,red,0.7051,orange,0.6857,red,0.9482,green,0.4627,green,0.1025,green,0.3186,yellow,0.6748,green,0.9712,green,0.3322,red,0.0817,green,0.5104,green,0.4766,yellow,0.7737,yellow,0.3403,orange,0.1912,yellow,0.1026,orange
4201653,0.1987,orange,0.3079,yellow,0.3756,yellow,0.0,red,0.447,orange,0.1633,yellow,0.5181,green,0.1214,red,0.3201,red,0.0339,yellow,0.2924,red,0.1603,orange,0.3125,red,0.7545,green,0.0406,red,0.506,red,0.3335,red,0.2436,green,0.5937,red,0.394,red,0.2517,green,0.0,orange,0.1339,green,0.0,green,0.2787,orange,0.4154,yellow,0.2539,yellow,0.6852,green,1.0,green,0.0843,orange,0.2549,yellow,0.1991,orange,0.4745,red,0.566,yellow,0.2644,yellow,0.0336,green,0.2652,red,0.3324,green,0.9097,green,0.8744,green,0.9223,yellow,0.1526,yellow,0.0051,red,0.1331,green,0.4024,orange,0.9816,green,0.7336,green,0.1422,green,0.0312,yellow,0.1726,green,0.3805,red,0.3731,yellow,0.2275,yellow,0.0429,red
4201703,0.2101,orange,0.2253,green,0.4198,orange,0.0,red,0.4667,orange,0.1592,yellow,0.1287,red,0.0207,green,0.3105,red,0.0254,yellow,0.0671,green,0.0887,yellow,0.0876,green,0.1971,orange,0.2036,yellow,0.6742,yellow,0.1059,yellow,0.4214,yellow,0.1871,yellow,0.1729,green,0.1433,green,0.0,orange,0.2682,green,0.1182,green,0.704,red,0.4622,yellow,0.3518,yellow,0.1384,red,0.8646,orange,0.2136,red,0.1549,orange,0.075,yellow,0.246,yellow,0.4642,orange,0.3663,orange,0.1669,red,0.5734,green,0.1559,orange,0.865,yellow,0.6986,orange,0.9223,yellow,0.4591,green,0.2285,green,0.4244,orange,0.7239,green,0.8202,orange,0.349,orange,0.258,orange,0.0122,orange,0.2687,green,0.873,green,0.5294,green,0.3152,green,0.2415,yellow
4201802,0.1589,green,0.3437,yellow,0.3872,yellow,0.0,red,0.2469,green,0.0,red,0.1384,orange,0.0487,yellow,0.4352,red,0.0197,orange,0.077,yellow,0.1107,yellow,0.1452,yellow,0.1511,orange,0.0668,orange,0.4969,red,0.1294,yellow,0.3368,green,0.1102,green,0.6418,red,0.4259,orange,0.4583,red,0.5514,red,0.254,orange,0.5874,red,0.3014,orange,0.6415,red,0.4073,yellow,1.0,green,0.0191,yellow,0.1649,orange,0.0819,yellow,0.4837,red,0.5079,orange,0.2958,yellow,0.0,green,0.5366,green,0.2035,yellow,0.573,red,0.5281,red,0.9068,orange,0.1671,yellow,0.0135,red,0.223,green,0.7365,green,0.9812,green,0.4304,orange,0.1794,yellow,0.0255,yellow,0.5411,yellow,0.3728,red,0.228,orange,0.1099,red,0.0483,red
4201901,0.2055,orange,0.4819,red,0.6637,red,0.0,red,0.4878,red,0.166,yellow,0.1497,orange,0.0876,orange,1.0,red,0.0345,yellow,0.0375,green,0.0,green,0.0691,green,0.1899,orange,0.1075,orange,0.4915,red,0.2052,orange,0.2369,green,0.5625,red,0.0722,green,0.2149,green,0.0,orange,0.2249,green,0.1389,yellow,0.0,green,0.517,green,0.3266,yellow,0.1835,orange,1.0,green,0.01,yellow,0.0574,red,0.0524,green,0.2225,yellow,0.5248,yellow,0.1485,green,0.0242,green,0.0347,red,0.1309,orange,0.8988,green,0.7192,orange,0.4675,red,0.064,red,0.0363,orange,0.1252,green,0.5932,green,0.9858,green,0.4082,orange,0.1045,green,0.0122,orange,0.8827,red,0.1501,red,0.4058,yellow,0.0,red,0.0751,red
4201950,0.1569,green,0.2846,green,0.2949,green,0.0,red,0.4842,red,0.0315,red,0.3261,green,0.0025,green,0.3593,red,0.0051,red,0.7167,red,0.5728,red,0.6873,red,0.1885,orange,0.3754,green,0.7904,green,0.4964,red,0.3893,yellow,0.5464,red,0.3407,orange,0.3876,orange,0.1358,red,0.31,yellow,0.1756,yellow,0.4545,red,0.3009,orange,0.8387,red,0.0692,red,0.9295,orange,0.0069,yellow,0.1538,orange,0.3194,red,0.5401,red,0.445,orange,0.4013,orange,0.4899,red,0.6694,green,0.1269,orange,0.9618,green,0.9938,green,0.8946,red,0.4706,green,0.0517,yellow,0.7223,red,0.355,orange,0.7225,orange,0.5054,yellow,0.3484,red,0.0183,orange,0.3882,green,0.9758,green,0.059,red,0.7152,green,0.1272,orange
4202008,0.2379,red,0.3089,yellow,0.535,red,0.0237,red,0.4582,orange,0.1076,orange,0.3745,green,0.0022,green,0.0302,green,0.0001,red,0.1939,orange,0.1548,orange,0.2097,orange,0.3021,yellow,0.6818,green,0.5437,orange,0.0781,green,0.382,yellow,0.1623,yellow,0.2037,yellow,0.2677,green,0.0812,orange,0.2784,green,0.1408,yellow,0.6244,red,0.1682,red,0.065,green,0.5032,green,0.2638,red,0.3445,red,0.0,red,0.2594,red,0.253,yellow,0.5202,yellow,0.1974,green,0.3624,red,0.523,yellow,0.2082,yellow,0.886,yellow,0.9268,green,0.903,orange,0.1676,yellow,0.0786,yellow,0.4844,orange,0.5193,yellow,0.1501,red,0.6109,green,0.1906,yellow,0.0053,red,0.0466,green,0.9807,green,0.6129,green,0.3155,green,0.3141,green
4202057,0.2996,red,0.4606,red,0.0463,green,0.0,red,0.6676,red,0.0966,orange,0.2791,green,0.0046,green,0.0,green,0.0153,orange,0.5176,red,0.3425,red,0.4477,red,0.1932,orange,0.3098,green,0.7335,yellow,0.3348,red,0.4851,orange,0.4357,red,0.2371,yellow,0.4127,orange,0.1606,red,0.3842,orange,0.2416,orange,0.5082,red,0.3841,orange,0.8157,red,0.2223,orange,0.9887,orange,0.7417,red,0.1558,orange,0.1133,yellow,0.4834,red,0.4685,orange,0.4669,red,0.2281,red,0.257,red,0.1018,red,0.9002,green,0.6833,red,0.9482,green,0.3822,green,0.0654,yellow,0.6073,red,0.2369,red,0.97,green,0.5631,green,0.3219,red,0.0207,orange,0.4117,green,0.9518,green,0.0802,red,0.0167,red,0.0872,orange
4202073,0.1718,yellow,0.2836,green,0.5148,red,0.0,red,0.4828,orange,0.0684,red,0.3586,green,0.0106,green,0.1276,green,0.0066,red,0.2607,red,0.2532,red,0.2451,orange,0.2958,yellow,0.3979,green,0.6232,orange,0.5279,red,0.4208,yellow,0.5202,red,0.3047,orange,0.2765,yellow,0.1078,red,0.2652,green,0.1558,yellow,0.273,orange,0.3396,orange,0.7623,red,0.1598,red,0.8666,orange,0.0059,yellow,0.327,green,0.3839,red,0.4164,orange,0.494,orange,0.3673,orange,0.2899,red,0.5706,green,0.1255,orange,0.7124,orange,0.84,yellow,0.9068,orange,0.261,green,0.3852,green,0.7184,red,0.4745,yellow,0.8922,yellow,0.6825,green,0.085,green,0.0204,orange,0.3849,green,0.6386,orange,0.0973,red,0.7322,green,0.0714,red
4202081,0.2971,red,0.4296,red,0.3428,yellow,0.0,red,0.3497,yellow,0.0342,red,0.2368,yellow,0.12,red,0.2978,red,0.0468,yellow,0.0939,yellow,0.1136,yellow,0.0745,green,0.2341,yellow,0.0181,red,0.4911,red,0.3639,red,0.3755,yellow,0.442,red,0.8994,red,0.4783,red,0.0,orange,0.5005,red,0.2311,orange,0.0,green,0.5454,green,0.7443,red,0.4976,green,1.0,green,0.0467,orange,0.2511,yellow,0.2398,red,0.0754,green,0.6398,green,0.3437,orange,0.0233,green,0.9479,green,0.3699,green,0.3412,red,0.5575,red,0.9612,green,0.0759,red,0.0244,orange,0.2816,yellow,0.3314,orange,0.9523,yellow,0.5407,green,0.0,green,0.0128,orange,0.7184,red,0.3897,red,0.1474,red,0.0273,red,0.0166,red
4202099,0.1854,yellow,0.403,orange,0.4609,orange,0.0,red,0.9099,red,0.0794,orange,0.1249,red,0.1172,red,0.1729,yellow,0.0422,yellow,0.0,green,0.0,green,0.2705,red,0.5669,green,0.0038,red,0.5693,orange,0.3899,red,0.7301,red,0.2846,orange,0.9647,red,0.1599,green,0.0,orange,0.1673,green,0.0,green,0.0,green,0.339,orange,0.5704,red,0.6407,green,1.0,green,0.1977,orange,0.825,green,0.2317,orange,0.2377,yellow,0.6339,green,0.4831,red,0.0,green,0.6529,green,0.4392,green,0.7469,orange,0.8259,yellow,0.9612,green,0.0076,red,0.0003,red,0.0234,green,0.2477,red,0.9355,yellow,0.4754,yellow,0.529,red,0.0504,yellow,0.5893,orange,0.1199,red,0.0887,red,0.2567,yellow,0.0596,red
4202107,0.2277,orange,0.3283,yellow,0.305,green,0.1429,red,0.4196,orange,0.1357,yellow,0.3848,green,0.0157,green,0.4568,red,0.0036,red,0.5748,red,0.5485,red,0.6648,red,0.2532,yellow,0.479,green,0.6574,yellow,0.1524,yellow,0.3925,yellow,0.292,orange,0.2845,orange,0.3243,yellow,0.0,orange,0.3258,yellow,0.2106,orange,0.512,red,0.3083,orange,0.3284,yellow,0.2295,orange,1.0,green,0.3124,red,0.1055,red,0.1004,yellow,0.3434,orange,0.3316,red,0.3427,orange,0.4533,red,0.4744,yellow,0.1176,red,0.5737,red,0.7048,orange,0.9193,orange,0.2641,green,0.0485,yellow,0.4725,orange,0.4878,yellow,0.9533,yellow,0.4436,yellow,0.3123,red,0.0076,red,0.5569,yellow,0.9624,green,0.3505,yellow,0.135,orange,0.1427,orange
4202131,0.1618,yellow,0.1241,green,0.0776,green,0.0,red,0.3174,green,0.0856,orange,0.2201,yellow,0.0967,red,0.3737,red,0.1044,green,0.191,orange,0.235,red,0.2287,orange,0.1454,orange,0.035,red,0.9509,green,0.3555,red,0.613,red,0.3385,orange,0.2542,yellow,0.4318,orange,0.0,orange,0.4477,orange,0.183,yellow,0.099,yellow,0.3706,orange,0.3837,orange,0.2375,orange,0.7873,red,0.003,green,0.616,green,0.021,green,0.1634,green,0.4316,orange,0.4678,red,0.0716,yellow,0.3566,orange,0.2105,yellow,0.8975,green,0.9053,green,0.9211,orange,0.0161,red,0.0269,orange,0.1274,green,0.336,orange,0.9298,yellow,0.7523,green,0.1447,green,0.007,red,0.692,red,0.0765,red,0.0555,red,0.3074,green,0.0294,red
4202156,0.0868,green,0.5267,red,0.8655,red,0.0,red,0.2475,green,0.0382,red,0.279,green,0.0779,orange,0.2593,orange,0.0253,yellow,0.0926,yellow,0.1343,orange,0.1746,yellow,0.2101,yellow,0.0327,red,0.6498,yellow,0.1476,yellow,0.538,red,0.2492,orange,0.1814,green,0.6791,red,0.0,orange,0.7107,red,0.3677,red,0.0,green,0.4918,yellow,0.5813,red,0.4356,green,1.0,green,0.6628,red,0.2107,yellow,0.7864,red,0.1666,green,0.5452,yellow,0.5046,red,0.1379,orange,0.3156,orange,0.467,green,0.9329,green,0.8562,yellow,0.9379,yellow,0.1959,yellow,0.0353,orange,0.5187,orange,0.2991,red,0.8924,yellow,1.0,green,0.0,green,0.2415,green,0.5878,orange,0.4751,orange,0.1103,red,0.2496,yellow,0.0442,red
4202206,0.1529,green,0.3368,yellow,0.502,orange,0.0,red,0.4049,yellow,0.0516,red,0.0522,red,0.0188,green,0.2368,orange,0.0606,green,0.0465,green,0.1622,orange,0.1064,yellow,0.1049,red,0.1498,yellow,0.6795,yellow,0.1279,yellow,0.3367,green,0.1743,yellow,0.4229,red,0.3744,orange,0.0,orange,0.4748,orange,0.2664,red,0.1692,yellow,0.2354,red,0.4495,orange,0.149,red,1.0,green,0.0196,orange,0.2077,yellow,0.0286,green,0.0716,green,0.5728,yellow,0.2642,yellow,0.1659,red,0.0425,red,0.0519,red,0.5733,red,0.6589,red,0.3241,red,0.0215,red,0.0055,red,0.3341,yellow,0.3282,orange,0.5368,red,0.3443,red,0.1845,yellow,0.0109,red,0.4292,green,0.3333,red,0.4555,yellow,0.2723,green,0.1827,yellow
4202305,0.2505,red,0.366,orange,0.3597,yellow,0.0724,red,0.4309,orange,0.0965,orange,0.1833,orange,0.0,green,0.1256,green,0.0061,red,0.2695,red,0.301,red,0.3264,red,0.0324,red,0.346,green,0.7816,green,0.1919,orange,0.3876,yellow,0.3308,orange,0.1712,green,0.2929,yellow,0.0668,orange,0.3593,yellow,0.1793,yellow,0.4973,red,0.0906,red,0.3817,orange,0.2464,orange,0.9825,orange,0.1393,orange,0.0951,red,0.1816,orange,0.4872,red,0.3531,red,0.3066,yellow,0.3531,red,0.3324,orange,0.065,red,0.7575,orange,0.7551,orange,0.828,red,0.1475,yellow,0.0626,yellow,0.9352,red,0.3101,red,0.3947,red,0.3903,orange,0.201,yellow,0.0106,red,0.5259,yellow,0.9757,green,0.3323,orange,0.202,yellow,0.3272,green
4202404,0.1918,orange,0.3711,orange,0.4061,orange,0.0081,red,0.4628,orange,0.1148,orange,0.1823,orange,0.0014,green,0.1591,yellow,0.0022,red,0.1441,orange,0.134,orange,0.1756,orange,0.1512,orange,0.495,green,0.5955,orange,0.0897,green,0.4667,orange,0.2688,orange,0.2198,yellow,0.3225,yellow,0.0744,orange,0.3599,yellow,0.1929,orange,0.3641,red,0.2765,red,0.1102,green,0.3473,yellow,0.6089,red,0.7137,red,0.0907,red,0.1439,orange,0.2922,yellow,0.5046,orange,0.1863,green,0.2407,red,0.3599,orange,0.1184,red,0.625,red,0.8012,yellow,0.9101,orange,0.1341,orange,0.0455,yellow,0.4817,orange,0.5494,green,0.3459,red,0.3589,orange,0.1964,yellow,0.0157,orange,0.4096,green,0.9875,green,0.649,green,0.217,yellow,0.5528,green
4202438,0.2928,red,0.3333,yellow,0.2548,green,0.0,red,0.4231,orange,0.5297,green,0.1553,orange,0.1493,red,0.3387,red,0.1746,green,0.0,green,0.0,green,0.0,green,0.349,green,0.0319,red,0.8533,green,0.3646,red,0.3434,green,0.41,red,0.4563,red,0.7696,red,0.0,orange,0.9162,red,0.4698,red,0.18,yellow,0.1205,red,0.3961,orange,0.331,yellow,0.9978,yellow,0.0021,green,0.233,yellow,0.0382,green,0.3956,orange,0.4294,orange,0.6769,red,0.0423,green,0.2238,red,0.2243,yellow,0.6374,red,0.6669,red,0.6376,red,0.0822,red,0.0256,orange,0.911,red,0.4001,orange,0.8537,orange,0.6247,green,0.4354,red,0.015,orange,0.3767,green,0.2891,red,0.1515,red,0.098,red,0.0453,red
4202453,0.2171,orange,0.3494,yellow,0.3768,yellow,0.0913,red,0.5064,red,0.0211,red,1.0,green,0.0041,green,0.0206,green,0.0023,red,0.1426,orange,0.0619,yellow,0.1706,yellow,0.5799,green,1.0,green,0.7245,yellow,0.1535,yellow,0.3325,green,0.2597,orange,0.1824,green,0.2733,yellow,0.0736,orange,0.3133,yellow,0.1186,green,0.2091,orange,0.1252,red,0.0408,green,0.4573,green,0.9892,orange,0.344,red,0.1606,orange,0.2617,red,0.3428,orange,0.3162,red,0.2695,yellow,0.2277,red,0.4347,yellow,0.1086,red,0.508,red,0.7974,yellow,0.9112,orange,0.1516,yellow,0.0906,green,0.2133,green,0.579,green,0.8987,yellow,0.5532,green,0.1199,green,0.0096,red,0.3094,green,0.8839,green,0.522,green,0.7732,green,0.0966,orange
4202503,0.0688,green,0.2901,green,0.3252,yellow,0.1015,red,0.3375,green,0.2642,green,0.2714,green,0.0874,orange,0.0721,green,0.517,green,0.1423,orange,0.166,orange,0.2571,orange,0.494,green,0.117,orange,0.9555,green,0.2752,red,0.5842,red,0.749,red,0.1425,green,0.8512,red,0.0,orange,0.9745,red,0.3633,red,0.0,green,0.2194,red,0.35,yellow,0.2854,yellow,0.9926,orange,0.0009,green,0.0983,red,0.0,green,0.6556,red,0.4752,orange,0.6641,red,0.0345,green,0.3173,orange,0.259,yellow,0.6444,red,0.3284,red,0.9482,green,0.0635,red,0.0166,red,0.7845,red,0.2367,red,0.5862,red,0.487,yellow,0.2684,orange,0.0121,orange,0.5832,orange,0.5321,orange,0.2063,orange,0.109,red,0.0754,red
4202537,0.1505,green,0.5025,red,0.3025,green,0.0,red,0.496,red,0.3012,green,0.0981,red,0.034,yellow,0.0748,green,0.006,red,0.3688,red,0.5026,red,0.4102,red,0.3914,green,0.0285,red,0.7408,yellow,0.5304,red,1.0,red,0.7992,red,0.3086,orange,0.2265,green,0.0,orange,0.237,green,0.0938,green,0.2234,orange,0.5795,green,0.2186,green,0.4017,yellow,1.0,green,0.721,red,0.191,orange,0.1615,orange,0.4634,red,0.3354,red,0.5514,red,0.0497,green,0.4214,yellow,0.0,red,0.7356,orange,0.7621,orange,0.9223,yellow,0.2562,green,0.0936,green,0.6399,red,0.2041,red,0.8018,orange,0.5466,green,0.3998,red,0.0146,orange,0.7396,red,0.5788,orange,0.2422,orange,0.2124,yellow,0.0093,red
4202578,0.18,yellow,0.3042,yellow,0.7965,red,0.0,red,0.3754,yellow,0.1358,yellow,0.17,orange,0.0696,orange,0.1939,yellow,0.0153,orange,0.0,green,0.0,green,0.0,green,0.7247,green,0.2781,green,0.5994,orange,0.2948,red,0.2305,green,0.0192,green,0.6254,red,0.1199,green,0.0,orange,0.1255,green,0.0938,green,0.0,green,0.3377,orange,0.1821,green,0.5764,green,0.8117,red,0.0854,orange,0.2802,green,0.0911,yellow,0.1746,green,0.8294,green,0.2388,green,0.0,green,0.4504,yellow,0.6404,green,0.9266,green,0.8983,green,0.9482,green,0.2766,green,0.0769,yellow,0.149,green,0.511,yellow,0.9952,green,0.6253,green,0.4105,red,0.0604,yellow,0.5683,yellow,0.3671,red,0.1205,red,0.4896,green,0.0433,red
4202602,0.2467,red,0.3456,yellow,0.4363,orange,0.0,red,0.5496,red,0.2806,green,0.2262,yellow,0.1001,red,0.2734,orange,0.1635,green,0.5928,red,0.6117,red,0.6038,red,0.049,red,0.1805,yellow,0.7893,green,0.1127,yellow,0.5039,orange,0.4709,red,0.1429,green,0.5602,red,0.0,orange,0.5812,red,0.2892,red,0.0656,yellow,0.2702,red,0.3379,yellow,0.164,red,0.9617,orange,0.0038,green,0.1256,red,0.1161,yellow,0.2936,yellow,0.3263,red,0.7062,red,0.1393,orange,0.1395,red,0.3683,green,0.8173,yellow,0.7242,orange,0.5191,red,0.0694,red,0.0188,red,0.9837,red,0.3268,orange,0.2476,red,0.5288,yellow,0.0901,green,0.236,green,0.5407,yellow,0.7613,yellow,0.2715,orange,0.0458,red,0.1185,orange
4202701,0.1414,green,0.6127,red,0.3354,yellow,0.0,red,0.3026,green,0.0892,orange,0.2136,yellow,0.0235,yellow,0.1665,yellow,0.1226,green,0.1517,orange,0.0691,yellow,0.1355,yellow,0.3194,yellow,0.0945,orange,0.2936,red,0.1577,orange,0.3345,green,0.239,orange,0.2641,yellow,0.3738,orange,0.0,orange,0.39,orange,0.1388,yellow,0.3533,red,0.4816,yellow,0.3358,yellow,0.2798,yellow,1.0,green,0.0414,orange,0.2897,green,0.349,red,0.1357,green,0.5085,orange,0.1686,green,0.1976,red,0.3613,orange,0.0949,red,0.489,red,0.5745,red,0.7541,red,0.1554,yellow,0.0222,red,0.405,orange,0.4237,orange,0.8602,yellow,0.329,red,0.0574,green,0.0149,orange,0.5362,yellow,0.1259,red,0.7467,green,0.0613,red,0.3734,green
4202800,0.1899,yellow,0.3415,yellow,0.5289,red,0.0,red,0.3678,yellow,0.1577,yellow,0.1885,yellow,0.0369,yellow,0.1256,green,0.0045,red,0.0937,yellow,0.0861,yellow,0.1346,yellow,0.0899,red,0.2917,green,0.7134,yellow,0.3002,red,0.3592,green,0.2898,orange,0.4069,red,0.4023,orange,0.0388,orange,0.4017,orange,0.2284,orange,0.2467,orange,0.3066,orange,0.1997,green,0.1455,red,0.9056,orange,0.073,orange,0.1965,orange,0.0924,yellow,0.2843,yellow,0.3296,red,0.3213,yellow,0.1693,red,0.2913,orange,0.1353,orange,0.7862,orange,0.7648,orange,0.9057,orange,0.1032,orange,0.7635,green,0.4628,orange,0.7344,green,0.4799,red,0.3568,orange,0.2496,orange,0.0688,green,0.6377,orange,0.6,orange,0.6485,green,0.1207,orange,0.3841,green
4202859,0.1901,yellow,0.4213,red,0.5737,red,0.0,red,0.3944,yellow,0.0635,red,0.1421,orange,0.0463,yellow,0.2097,orange,0.0196,orange,0.0,green,0.0,green,0.0,green,0.1813,orange,0.1195,orange,0.4384,red,0.0416,green,0.3922,yellow,0.2647,orange,0.366,orange,0.351,orange,0.4151,red,0.5522,red,0.1396,yellow,0.0,green,0.4823,yellow,0.6519,red,0.3337,yellow,1.0,green,0.0045,green,0.3653,green,0.0359,green,0.1254,green,0.6548,green,0.3866,orange,0.1823,red,0.2913,orange,0.2618,yellow,0.9097,green,0.8048,yellow,0.9223,yellow,0.1101,orange,0.0183,red,0.4561,orange,0.5401,yellow,0.9597,green,0.4119,orange,0.2443,orange,0.0055,red,0.3814,green,0.9231,green,0.5714,green,0.0889,red,0.2024,yellow
4202875,0.0517,green,0.2234,green,0.2327,green,0.0,red,0.3106,green,0.427,green,0.2148,yellow,0.1392,red,0.1829,yellow,0.0675,green,0.2173,red,0.2848,red,0.1869,orange,0.4113,green,0.0227,red,0.7352,yellow,0.1072,yellow,0.305,green,0.4921,red,0.3683,red,0.5923,red,0.0,orange,0.6198,red,0.2559,orange,0.0,green,0.501,yellow,0.487,orange,0.5284,green,1.0,green,0.0074,yellow,0.5405,green,0.0,green,0.4532,red,0.5928,yellow,0.5859,red,0.1189,orange,0.1873,red,0.4683,green,0.3272,red,0.5084,red,0.9482,green,0.0238,red,0.0049,red,0.4037,orange,0.426,yellow,0.9609,green,0.4688,yellow,0.0,green,0.0281,yellow,0.3305,green,0.7341,yellow,0.176,red,0.4109,green,0.0235,red
4202909,0.2074,orange,0.3691,orange,0.3779,yellow,0.0087,red,0.4976,red,0.1286,orange,0.2568,yellow,0.0043,green,0.2876,orange,0.0031,red,0.0712,yellow,0.0758,yellow,0.0881,green,0.0717,red,0.3479,green,0.7474,green,0.1319,yellow,0.3608,green,0.1984,yellow,0.2172,yellow,0.2728,yellow,0.0784,orange,0.2681,green,0.1526,yellow,0.2766,orange,0.3745,orange,0.15,green,0.1997,orange,0.7995,red,0.2212,red,0.0799,red,0.1553,orange,0.2242,yellow,0.4317,orange,0.2054,green,0.2268,red,0.4407,yellow,0.2069,yellow,0.643,red,0.6872,red,0.9349,yellow,0.1689,yellow,0.0481,yellow,0.476,orange,0.4953,yellow,0.3984,red,0.3345,red,0.131,green,0.019,orange,0.4655,yellow,0.9588,green,0.6632,green,0.2067,yellow,0.3886,green
4203006,0.2484,red,0.2377,green,0.2661,green,0.0054,red,0.3847,yellow,0.1715,yellow,0.1119,red,0.0133,green,0.2655,orange,0.0122,orange,0.1959,orange,0.1345,orange,0.2584,orange,0.0617,red,0.2463,green,0.5138,red,0.0552,green,0.4747,orange,0.1994,yellow,0.2445,yellow,0.3977,orange,0.0571,orange,0.4329,orange,0.2198,orange,0.2277,orange,0.2855,red,0.265,yellow,0.1036,red,0.5449,red,0.0048,green,0.0091,red,0.0933,yellow,0.2202,yellow,0.3392,red,0.5548,red,0.0752,yellow,0.4661,yellow,0.3095,green,0.6871,orange,0.8412,yellow,0.9132,orange,0.1587,yellow,0.0266,orange,0.6888,red,0.2742,red,0.3594,red,0.2668,red,0.2195,yellow,0.0113,red,0.7715,red,0.8446,yellow,0.5847,green,0.133,orange,0.4577,green
4203105,0.1919,orange,0.5796,red,0.4333,orange,0.0,red,0.4926,red,0.2568,green,0.162,orange,0.0866,orange,0.3041,red,0.0193,orange,0.1961,orange,0.2305,red,0.1889,orange,0.0435,red,0.296,green,0.5597,orange,0.6895,red,0.3811,yellow,0.1019,green,0.3726,red,0.1552,green,0.0,orange,0.1624,green,0.1213,green,0.2047,orange,0.3609,orange,0.3946,orange,0.2698,yellow,1.0,green,0.3633,red,0.1982,yellow,0.3728,red,0.1381,green,0.731,green,0.3483,orange,0.097,orange,0.3076,orange,0.136,orange,0.8232,yellow,0.8577,yellow,0.9482,green,0.0936,orange,0.033,orange,0.3006,yellow,0.5261,yellow,0.9656,green,0.306,red,0.1933,yellow,0.0658,green,0.1926,green,0.6788,orange,0.3504,yellow,0.0979,red,0.2742,yellow
4203154,0.0807,green,0.1101,green,0.236,green,0.0,red,0.0,green,0.2347,green,0.1134,red,0.1182,red,0.242,orange,0.1975,green,0.2643,red,0.2141,red,0.2794,red,0.5572,green,0.0254,red,0.6806,yellow,0.0383,green,0.639,red,0.2747,orange,0.335,orange,0.908,red,0.0,orange,1.0,red,0.4395,red,0.1889,yellow,0.1951,red,0.3527,yellow,0.402,yellow,1.0,green,0.0,green,0.5977,green,0.0787,yellow,0.4636,red,0.0,red,0.8105,red,0.1299,orange,0.5631,green,0.4342,green,0.5895,red,0.5875,red,0.4823,red,0.2481,green,0.0255,orange,0.8189,red,0.3057,red,0.939,yellow,0.4683,yellow,0.1797,yellow,0.0215,orange,0.8076,red,0.6915,yellow,0.305,orange,0.5668,green,0.0145,red
4203204,0.213,orange,0.2918,green,0.4753,orange,0.0025,red,0.4208,orange,0.0417,red,0.2717,green,0.0014,green,0.13,green,0.0037,red,0.4402,red,0.4894,red,0.5651,red,0.0243,red,0.4373,green,0.7932,green,0.2492,orange,0.3359,green,0.4143,red,0.134,green,0.3679,orange,0.1268,red,0.4201,orange,0.2462,orange,0.7605,red,0.1798,red,0.0654,green,0.0,red,0.6633,red,0.2089,red,0.0223,red,0.1037,yellow,0.5084,red,0.0762,red,0.3665,orange,0.4741,red,0.6056,green,0.0788,red,0.5286,red,0.6366,red,0.8476,red,0.3035,green,0.1096,green,0.855,red,0.3374,orange,0.5078,red,0.6925,green,0.1529,green,0.0072,red,0.3675,green,0.9759,green,0.1767,red,0.3276,green,0.1426,orange
4203253,0.3469,red,0.3184,yellow,0.346,yellow,0.0,red,0.4837,orange,1.0,green,0.4152,green,0.4774,red,0.3062,red,1.0,green,0.0945,yellow,0.2709,red,0.1777,orange,0.4083,green,0.2632,green,0.7733,green,0.033,green,0.739,red,0.0366,green,0.3679,red,0.5232,red,0.0,orange,0.7301,red,0.2727,red,0.2495,orange,0.312,orange,0.7157,red,0.5133,green,0.2468,red,0.0028,green,0.1924,orange,0.0259,green,0.3951,orange,0.4332,orange,0.6341,red,0.0,green,0.3019,orange,0.1708,orange,0.9666,green,0.9438,green,0.9094,orange,0.2473,green,0.0114,red,0.8308,red,0.3051,red,0.958,yellow,0.7724,green,0.1177,green,0.0304,yellow,0.5277,yellow,0.4275,red,0.4143,yellow,0.3677,green,0.0,red
4203303,0.1793,yellow,0.2804,green,0.4056,yellow,0.0,red,0.4229,orange,0.1888,yellow,0.1126,red,0.0448,yellow,0.4068,red,0.0575,green,0.0852,yellow,0.0298,green,0.097,yellow,0.1146,red,0.2148,yellow,0.6355,orange,0.1012,yellow,0.3817,yellow,0.2033,yellow,0.3325,orange,0.2619,green,0.0,orange,0.4077,orange,0.1646,yellow,0.0526,yellow,0.4465,yellow,0.4704,orange,0.1823,orange,0.623,red,0.0193,yellow,0.1614,orange,0.0442,green,0.2096,yellow,0.4901,orange,0.4387,red,0.0678,yellow,0.4569,yellow,0.2305,yellow,0.7988,yellow,0.7418,orange,0.9435,yellow,0.1342,orange,0.0633,yellow,0.2375,yellow,0.3587,orange,0.8989,yellow,0.3527,orange,0.2217,yellow,0.0141,orange,0.4361,green,0.8821,green,0.7757,green,0.1954,yellow,1.0,green
4203402,0.1321,green,0.2953,green,0.2787,green,0.0,red,0.4654,orange,0.0721,red,0.162,orange,0.1036,red,0.3098,red,0.1899,green,0.149,orange,0.1006,yellow,0.2654,orange,0.0149,red,0.088,orange,0.746,green,0.1091,yellow,0.5794,red,0.3972,red,0.265,yellow,0.4459,red,0.0,orange,0.4599,orange,0.279,red,0.265,orange,0.2398,red,0.4342,orange,0.2685,yellow,1.0,green,0.0015,green,0.1208,red,0.0184,green,0.3189,orange,0.548,yellow,0.5555,red,0.0514,yellow,0.1217,red,0.1639,orange,0.8169,yellow,0.6777,red,0.0711,red,0.0454,red,0.004,red,0.5491,red,0.2923,red,0.931,yellow,0.4563,yellow,0.3431,red,0.2293,green,0.3472,green,0.7154,yellow,0.2702,orange,0.0085,red,0.0673,red
4203501,0.138,green,0.4028,orange,0.1901,green,0.0,red,0.3286,green,0.1437,yellow,0.152,orange,0.0642,orange,0.0912,green,0.0303,yellow,0.2311,red,0.1532,orange,0.3643,red,0.1583,orange,0.325,green,0.7647,green,0.1604,orange,0.4183,yellow,0.238,orange,0.3027,orange,0.537,red,0.0,orange,0.5627,red,0.304,red,0.2039,orange,0.358,orange,0.3949,orange,0.2803,yellow,1.0,green,0.2736,red,0.2022,yellow,0.216,orange,0.2876,yellow,0.382,red,0.5801,red,0.0567,yellow,0.4621,yellow,0.1223,red,0.7094,orange,0.8242,yellow,0.8835,red,0.131,orange,0.0503,yellow,0.2164,green,0.546,yellow,0.9451,yellow,0.4906,yellow,0.3949,red,0.183,green,0.5381,yellow,0.884,green,0.3347,orange,0.1153,red,0.2818,green
4203600,0.185,yellow,0.3762,orange,0.3616,yellow,0.0,red,0.52,red,0.2208,green,0.2266,yellow,0.0533,yellow,0.1004,green,0.0298,yellow,0.1741,orange,0.236,red,0.2377,orange,0.1094,red,0.1887,yellow,0.4608,red,0.1527,yellow,0.4346,orange,0.3038,orange,0.2394,yellow,0.3761,orange,0.0431,orange,0.4545,orange,0.2171,orange,0.3113,orange,0.228,red,0.4415,orange,0.3282,yellow,0.6905,red,0.014,yellow,0.1656,orange,0.0884,yellow,0.6654,red,0.4169,orange,0.5388,red,0.1308,orange,0.3034,orange,0.1062,red,0.7936,yellow,0.7918,yellow,0.7697,red,0.0972,orange,0.0234,orange,0.6536,red,0.4506,yellow,0.5619,red,0.3405,red,0.3074,red,0.0534,yellow,0.6511,orange,0.9571,green,0.4996,yellow,0.1328,orange,0.2882,green
4203709,0.2016,orange,0.3249,yellow,0.342,yellow,0.0,red,0.4226,orange,0.1288,yellow,0.1574,orange,0.0166,green,0.4554,red,0.0161,orange,0.1944,orange,0.1783,orange,0.2712,red,0.1837,orange,0.1221,orange,0.8762,green,0.2219,orange,0.3029,green,0.4131,red,0.186,green,0.3571,orange,0.0,orange,0.3018,yellow,0.1404,yellow,0.2014,orange,0.31,orange,0.3658,orange,0.181,orange,0.9833,orange,0.0673,orange,0.3648,green,0.2186,orange,0.6094,red,0.3774,red,0.5193,red,0.3861,red,0.2237,red,0.1335,orange,0.2951,red,0.5201,red,0.8121,red,0.0708,red,0.0132,red,0.6862,red,0.3859,orange,0.2573,red,0.3728,orange,0.2483,orange,0.0083,red,0.6273,orange,0.7749,yellow,0.3182,orange,0.2779,green,0.0767,red
4203808,0.3818,red,0.2241,green,0.302,green,0.0113,red,0.4008,yellow,0.1063,orange,0.1394,orange,0.0285,yellow,0.2833,orange,0.0187,orange,0.1562,orange,0.1312,orange,0.2019,orange,0.0322,red,0.2527,green,0.657,yellow,0.0911,green,0.4612,orange,0.1912,yellow,0.1982,green,0.3246,yellow,0.0899,red,0.347,yellow,0.1804,yellow,0.1505,yellow,0.1435,red,0.5904,red,0.1454,red,0.3251,red,0.0075,yellow,0.0361,red,0.0218,green,0.1514,green,0.4872,orange,0.4108,orange,0.104,orange,0.4209,yellow,0.2654,yellow,0.9196,green,0.853,yellow,0.9339,yellow,0.0689,red,0.033,orange,0.0864,green,0.3708,orange,0.9507,yellow,0.4259,orange,0.2484,orange,0.0181,orange,0.6975,red,0.9,green,0.3463,orange,0.1651,orange,0.412,green
4203907,0.3288,red,0.1964,green,0.6831,red,0.0,red,0.4686,orange,0.05,red,0.4028,green,0.0228,green,0.1634,yellow,0.0071,red,0.1583,orange,0.0623,yellow,0.1754,orange,0.1913,orange,0.1853,yellow,0.6092,orange,0.3346,red,0.5117,orange,0.7976,red,0.2413,yellow,0.365,orange,0.0,orange,0.3581,yellow,0.156,yellow,0.0282,yellow,0.4696,yellow,0.1393,green,0.2045,orange,0.2992,red,0.0663,orange,0.2598,yellow,0.2557,red,0.3538,orange,0.5118,orange,0.3007,yellow,0.0611,yellow,0.5987,green,0.214,yellow,0.8144,yellow,0.8556,yellow,0.9085,orange,0.1494,yellow,0.0379,orange,0.5734,red,0.4766,yellow,0.7581,orange,0.3097,red,0.2281,yellow,0.0571,yellow,0.3223,green,0.891,green,0.7264,green,0.2979,green,0.3521,green
4203956,0.1763,yellow,0.3538,orange,0.2416,green,0.0,red,0.5027,red,0.0307,red,0.1968,yellow,1.0,red,0.0759,green,0.0,red,0.1109,yellow,0.1317,orange,0.1244,yellow,0.0,red,0.2401,yellow,0.6358,orange,0.614,red,0.5125,orange,0.7324,red,0.2723,orange,0.3394,yellow,0.0,orange,0.407,orange,0.2597,red,0.4912,red,0.2111,red,0.3908,orange,0.1305,red,1.0,green,0.006,yellow,0.2413,yellow,0.0981,yellow,0.5504,red,0.4371,orange,0.3357,orange,0.1364,orange,0.3033,orange,0.0934,red,0.4854,red,0.7098,orange,0.9029,orange,0.3199,green,0.0447,yellow,0.5822,red,0.4965,yellow,0.4963,red,0.1382,red,0.2691,orange,0.0104,red,0.7747,red,0.9942,green,0.2533,orange,0.2929,green,0.238,yellow
4204004,0.2252,orange,0.3225,yellow,0.4334,orange,0.0197,red,0.3217,green,0.2667,green,0.1758,orange,0.0269,yellow,0.2144,orange,0.0206,orange,0.1765,orange,0.1001,yellow,0.2631,orange,0.193,orange,0.1985,yellow,0.6596,yellow,0.2892,red,0.6239,red,0.3023,orange,0.3371,orange,0.3801,orange,0.1257,red,0.4278,orange,0.2066,orange,0.2337,orange,0.465,yellow,0.149,green,0.2379,orange,0.8546,orange,0.0065,yellow,0.135,orange,0.0808,yellow,0.383,orange,0.3397,red,0.4178,orange,0.1526,orange,0.2497,red,0.0137,red,0.7424,orange,0.7692,orange,0.9482,green,0.3029,green,0.3496,green,0.8017,red,0.5066,yellow,0.5766,red,0.4363,yellow,0.2727,orange,0.0409,yellow,0.4372,green,0.9457,green,0.5372,green,0.1664,orange,0.1654,yellow
4204103,0.1387,green,0.5064,red,0.2903,green,0.0,red,0.4399,orange,0.1036,orange,0.2561,yellow,0.0579,orange,0.1829,yellow,0.0196,orange,0.3101,red,0.297,red,0.3219,red,0.2847,yellow,0.0942,orange,0.7296,yellow,0.1854,orange,0.476,orange,0.1569,yellow,0.2494,yellow,0.3094,yellow,0.3793,red,0.4439,orange,0.1481,yellow,0.5936,red,0.4463,yellow,0.8019,red,0.5027,green,1.0,green,0.8068,red,0.2199,yellow,0.4767,red,0.239,yellow,0.4751,orange,0.4525,red,0.1348,orange,0.5861,green,0.2566,yellow,0.8108,yellow,0.7795,orange,0.9223,yellow,0.1874,yellow,0.1265,green,0.2746,yellow,0.1697,red,0.9614,green,0.468,yellow,0.4632,red,0.1066,green,0.6424,orange,0.6127,orange,0.1748,red,0.138,orange,0.1923,yellow
4204152,0.0741,green,0.5626,red,0.3079,yellow,0.0,red,0.4001,yellow,0.0365,red,0.135,red,0.092,red,0.2949,red,0.0635,green,0.1765,orange,0.2563,red,0.3363,red,0.444,green,0.035,red,0.7392,yellow,0.2727,orange,0.5759,red,0.508,red,0.2439,yellow,0.5391,red,0.0,orange,0.6597,red,0.3103,red,0.2317,orange,0.7723,green,0.0981,green,0.4715,green,1.0,green,0.0051,yellow,0.3121,green,0.0243,green,0.5112,red,0.5769,yellow,0.3277,yellow,0.1605,orange,0.3829,yellow,0.1274,orange,0.9372,green,0.8498,yellow,1.0,green,0.1376,yellow,0.0396,orange,0.242,yellow,0.3957,orange,0.9744,green,0.4693,yellow,0.3201,red,0.0792,green,0.5722,yellow,0.456,orange,0.2052,red,0.3381,green,0.0348,red
4204178,0.0735,green,0.3884,orange,0.2445,green,0.0,red,0.2376,green,0.1407,yellow,0.362,green,0.1083,red,0.2856,orange,0.1652,green,0.2433,red,0.4378,red,0.3579,red,0.2242,yellow,0.0353,red,0.8296,green,0.1141,yellow,0.676,red,0.1293,green,0.2164,yellow,0.5814,red,0.0,orange,0.6084,red,0.3946,red,0.0,green,0.282,red,0.475,orange,0.3436,yellow,1.0,green,0.0011,green,0.329,green,0.0596,green,0.4194,orange,0.5052,orange,0.4987,red,0.0222,green,0.2141,red,0.1235,red,0.8889,green,0.8477,yellow,0.1963,red,0.064,red,0.0094,red,0.6919,red,0.3849,orange,0.9322,yellow,0.7322,green,0.4817,red,0.1195,green,0.6121,orange,0.2784,red,0.0786,red,0.1008,red,0.0097,red
4204194,0.0988,green,0.2993,yellow,0.7539,red,0.0,red,0.3177,green,0.1507,yellow,0.102,red,0.0592,orange,0.4205,red,0.0386,yellow,0.0,green,0.121,orange,0.0794,green,0.2509,yellow,0.022,red,0.7323,yellow,0.2552,orange,0.2902,green,0.0415,green,0.1537,green,0.4936,red,0.0,orange,0.6145,red,0.2614,red,0.2136,orange,0.4176,yellow,0.0375,green,0.3387,yellow,1.0,green,0.0062,yellow,0.2358,yellow,0.0666,yellow,0.0,green,0.3036,red,0.3858,orange,0.1,orange,0.1919,red,0.2292,yellow,0.8885,green,0.6707,red,0.9482,green,0.2004,yellow,0.1697,green,0.3094,yellow,0.3346,orange,0.8278,orange,0.5581,green,0.103,green,0.0131,orange,0.3807,green,0.0,red,0.0471,red,0.2624,green,0.1264,orange
4204202,0.1851,yellow,0.3524,orange,0.4473,orange,0.0237,red,0.4136,yellow,0.1601,yellow,0.2255,yellow,0.0133,green,0.208,orange,0.0018,red,0.2677,red,0.314,red,0.3389,red,0.143,orange,0.4375,green,0.6914,yellow,0.0466,green,0.5095,orange,0.1139,green,0.2213,yellow,0.3465,orange,0.0728,orange,0.3697,yellow,0.196,orange,0.2612,orange,0.3428,orange,0.0133,green,0.3533,yellow,0.8438,red,0.2423,red,0.0241,red,0.3116,red,0.2256,yellow,0.3099,red,0.2653,yellow,0.132,orange,0.5344,green,0.2124,yellow,0.9612,green,0.8989,green,0.9136,orange,0.153,yellow,0.0399,orange,0.2508,yellow,0.4939,yellow,0.4735,red,0.3819,orange,0.2427,orange,0.0069,red,0.7895,red,0.8959,green,0.6944,green,0.1513,orange,0.445,green
4204251,0.2048,orange,0.3695,orange,0.6298,red,0.0618,red,0.416,orange,0.0667,red,0.1448,orange,0.0121,green,0.3208,red,0.004,red,0.0742,yellow,0.1073,yellow,0.0978,yellow,0.2798,yellow,0.2051,yellow,0.6475,yellow,0.553,red,0.3522,green,0.4658,red,0.2042,yellow,0.3204,yellow,0.0,orange,0.2949,green,0.2199,orange,0.3388,red,0.3686,orange,0.2643,yellow,0.2825,yellow,1.0,green,0.0045,green,0.2716,green,0.2231,orange,0.5364,red,0.4899,orange,0.2031,green,0.2068,red,0.3397,orange,0.2029,yellow,0.716,orange,0.9297,green,0.9002,orange,0.5021,green,0.0947,green,0.1758,green,0.6055,green,0.8369,orange,0.2737,red,0.1234,green,0.0032,red,0.6382,orange,0.9809,green,0.5216,green,0.3231,green,0.2086,yellow
4204301,0.1986,orange,0.3608,orange,0.5091,red,0.0028,red,0.4461,orange,0.1531,yellow,0.2695,green,0.0337,yellow,0.3114,red,0.0093,red,0.131,yellow,0.108,yellow,0.1449,yellow,0.0522,red,0.2627,green,0.5706,orange,0.0625,green,0.7409,red,0.2041,yellow,0.3823,red,0.3239,yellow,0.0591,orange,0.3477,yellow,0.1961,orange,0.1515,yellow,0.4283,yellow,0.1676,green,0.2853,yellow,0.4828,red,0.3576,red,0.1439,orange,0.1648,orange,0.2414,yellow,0.5961,yellow,0.2091,green,0.0786,yellow,0.4414,yellow,0.2156,yellow,0.8948,green,0.8639,green,0.9162,orange,0.113,orange,0.0192,red,0.1855,green,0.6036,green,0.8452,orange,0.3864,orange,0.2604,orange,0.0131,orange,0.8561,red,0.9025,green,0.6785,green,0.1208,orange,0.3582,green
4204350,0.1085,green,0.3555,orange,0.3018,green,0.0,red,0.106,green,0.3934,green,0.2121,yellow,0.046,yellow,0.3183,red,0.0172,orange,0.1017,yellow,0.4275,red,0.2804,red,0.2789,yellow,0.1644,yellow,0.4553,red,0.2316,orange,0.6227,red,0.1844,yellow,0.3062,orange,0.5021,red,0.0,orange,0.5845,red,0.3301,red,0.1482,yellow,0.4445,yellow,0.3328,yellow,0.473,green,0.9576,orange,0.1047,orange,0.2654,yellow,0.4232,red,0.2838,yellow,0.4838,orange,0.2407,green,0.1512,orange,0.8206,green,0.279,green,0.8557,yellow,0.8215,yellow,1.0,green,0.28,green,0.017,red,0.0004,green,0.5209,yellow,0.9781,green,0.3453,orange,0.5585,red,0.0184,orange,0.4758,yellow,0.7113,yellow,0.7443,green,0.3054,green,0.0638,red
4204400,0.1587,green,0.4467,red,0.3941,yellow,0.0,red,0.4423,orange,0.1823,yellow,0.2746,green,0.0751,orange,0.2329,orange,0.015,orange,0.135,orange,0.0708,yellow,0.1859,orange,0.1971,orange,0.1646,yellow,0.566,orange,0.2216,orange,0.5098,orange,0.2659,orange,0.4812,red,0.2956,yellow,0.0,orange,0.3167,yellow,0.1544,yellow,0.1253,yellow,0.5617,green,0.4197,orange,0.2319,orange,1.0,green,0.841,red,0.1543,orange,0.7997,red,0.5056,red,0.6696,green,0.3414,orange,0.0941,yellow,0.5454,green,0.2613,yellow,0.9043,green,0.823,yellow,0.9482,green,0.0603,red,0.0133,red,0.1194,green,0.4549,yellow,0.9151,yellow,0.4513,yellow,0.409,red,0.1013,green,0.8393,red,0.6294,orange,0.2888,orange,0.215,yellow,0.2599,yellow
4204459,0.3992,red,0.4201,orange,0.3415,yellow,0.0,red,0.5802,red,0.0496,red,0.3544,green,0.0667,orange,0.1391,yellow,0.0196,orange,0.165,orange,0.1729,orange,0.1135,yellow,0.3221,yellow,0.0128,red,0.5948,orange,0.4179,red,0.2545,green,0.2003,yellow,0.0895,green,0.3412,yellow,1.0,red,0.1825,green,0.1364,green,0.0,green,0.481,yellow,0.1095,green,0.5232,green,0.7981,red,0.0156,yellow,0.2489,yellow,0.1626,orange,0.2119,yellow,0.7128,green,0.5511,red,0.1612,orange,0.6432,green,0.783,green,0.9178,green,0.8445,yellow,0.9482,green,0.0974,orange,0.1208,green,0.0309,green,0.5285,yellow,0.9289,yellow,0.694,green,0.238,orange,0.0628,green,0.4638,yellow,0.3289,red,0.0609,red,0.1597,orange,0.1882,yellow
4204509,0.2087,orange,0.3464,yellow,0.4144,orange,0.0,red,0.3501,yellow,0.1202,orange,0.1011,red,0.015,green,0.3163,red,0.0529,green,0.0741,yellow,0.0458,green,0.105,yellow,0.1828,orange,0.2046,yellow,0.6976,yellow,0.0812,green,0.4321,orange,0.0872,green,0.3582,orange,0.1141,green,0.0,orange,0.1667,green,0.0585,green,0.2824,orange,0.5793,green,0.4969,red,0.1447,red,0.7181,red,0.0564,orange,0.1973,yellow,0.0939,yellow,0.2212,yellow,0.5714,yellow,0.2173,green,0.0527,yellow,0.2954,orange,0.2024,yellow,0.8365,yellow,0.8133,yellow,0.931,yellow,0.1481,yellow,0.4849,green,0.1635,green,0.3731,orange,0.668,orange,0.4284,orange,0.3804,red,0.0063,red,0.6781,red,0.8978,green,0.4955,yellow,0.4363,green,0.2323,yellow
4204558,0.202,orange,0.4795,red,0.3565,yellow,0.0,red,0.3177,green,0.2113,green,0.1081,red,0.0717,orange,0.3807,red,0.0424,yellow,0.2528,red,0.2777,red,0.2798,red,0.1301,red,0.255,green,0.7905,green,0.1747,orange,0.5032,orange,0.3271,orange,0.2716,yellow,0.5093,red,0.2028,red,0.4877,orange,0.2957,red,0.4243,red,0.2975,red,0.8602,red,0.2288,orange,1.0,green,0.0032,green,0.07,red,0.183,orange,0.3526,orange,0.3677,red,0.6609,red,0.0791,yellow,0.1131,red,0.1682,orange,0.7279,orange,0.7086,orange,0.4014,red,0.0446,red,0.0184,red,0.6474,red,0.5307,yellow,0.96,green,0.1457,red,0.4744,red,0.0231,orange,0.5736,orange,0.91,green,0.3652,yellow,0.1087,red,0.4022,green
4204608,0.2342,orange,0.3674,orange,0.2916,green,0.0258,red,0.4934,red,0.1067,orange,0.1622,orange,0.0107,green,0.1785,yellow,0.0003,red,0.1997,orange,0.2205,red,0.2319,orange,0.1194,red,0.3967,green,0.7754,green,0.119,yellow,0.4467,orange,0.2818,orange,0.2245,yellow,0.2713,yellow,0.0631,orange,0.3288,yellow,0.1621,yellow,0.5131,red,0.1851,red,0.306,yellow,0.3253,yellow,0.5038,red,0.0029,green,0.105,red,0.2837,red,0.3407,orange,0.401,red,0.2867,yellow,0.3198,red,0.4144,yellow,0.1447,orange,0.9483,green,0.9609,green,0.9765,green,0.1235,orange,0.027,orange,0.4218,orange,0.5738,green,0.2951,red,0.3734,orange,0.1672,yellow,0.0063,red,0.5459,yellow,0.8839,green,0.5672,green,0.0315,red,0.5236,green
4204707,0.1813,yellow,0.5427,red,0.6146,red,0.0,red,0.2608,green,0.2039,green,0.258,yellow,0.0549,orange,0.2177,orange,0.0129,orange,0.0,green,0.0326,green,0.0852,green,0.1088,red,0.1928,yellow,0.4681,red,0.3207,red,0.359,green,0.342,orange,0.5117,red,0.2386,green,0.0,orange,0.3094,yellow,0.0904,green,0.1144,yellow,0.4545,yellow,0.6543,red,0.2069,orange,1.0,green,0.2909,red,0.0886,red,0.1796,orange,0.0106,green,0.7056,green,0.2151,green,0.0339,green,0.4954,yellow,0.2407,yellow,0.6812,orange,0.7021,orange,0.9012,orange,0.0858,orange,0.0495,yellow,0.5099,orange,0.5966,green,0.8302,orange,0.2296,red,0.5246,red,0.1547,green,0.7821,red,0.6401,orange,0.4113,yellow,0.0664,red,0.363,green
4204756,0.1187,green,0.4409,red,0.2612,green,0.0,red,0.2898,green,0.0174,red,0.3224,green,0.1312,red,0.3908,red,0.0234,orange,0.2388,red,0.1835,orange,0.2411,orange,0.7999,green,0.0238,red,0.3569,red,0.0085,green,0.5217,red,0.067,green,0.3457,orange,0.8527,red,0.0,orange,0.8924,red,1.0,red,0.0,green,0.6251,green,0.4996,red,0.6126,green,1.0,green,0.4443,red,0.3197,green,0.169,orange,0.0074,green,0.709,green,0.1098,green,0.0384,green,0.6958,green,0.1877,orange,0.7634,orange,0.726,orange,0.9482,green,0.0745,red,0.0496,yellow,0.3482,yellow,0.5476,green,0.9831,green,0.5176,yellow,0.0,green,0.2768,green,0.6425,orange,0.333,red,0.215,orange,0.2249,yellow,0.078,orange
4204806,0.1587,green,0.3817,orange,0.3034,green,0.0051,red,0.3417,green,0.2336,green,0.2924,green,0.028,yellow,0.1567,yellow,0.0168,orange,0.2691,red,0.1352,orange,0.2953,red,0.1075,red,0.2524,green,0.6297,orange,0.1997,orange,0.5432,red,0.4464,red,0.2675,yellow,0.3354,yellow,0.2114,red,0.3896,orange,0.1579,yellow,0.254,orange,0.2784,red,0.7529,red,0.0539,red,0.4504,red,0.0046,green,0.1429,orange,0.0584,green,0.4302,orange,0.431,orange,0.5414,red,0.1251,orange,0.4327,yellow,0.1732,orange,0.4854,red,0.7313,orange,0.9242,yellow,0.2162,yellow,0.0577,yellow,0.2741,yellow,0.506,yellow,0.7356,orange,0.4403,yellow,0.2393,orange,0.0418,yellow,0.6644,orange,0.9486,green,0.4079,yellow,0.1101,red,0.359,green
4204905,0.13,green,0.4012,orange,0.4375,orange,0.0,red,0.333,green,0.1308,yellow,0.2075,yellow,0.0924,red,0.258,orange,0.022,orange,0.0355,green,0.0436,green,0.0286,green,0.0767,red,0.1433,yellow,0.6018,orange,0.1286,yellow,0.4852,orange,0.1933,yellow,0.2766,orange,0.5167,red,0.0,orange,0.6249,red,0.2811,red,0.0,green,0.4208,yellow,0.2817,yellow,0.2076,orange,1.0,green,0.1383,orange,0.1921,orange,0.5431,red,0.2804,yellow,0.7001,green,0.1533,green,0.0889,yellow,0.4129,yellow,0.2125,yellow,0.7821,orange,0.8295,yellow,0.9556,green,0.0893,orange,0.0206,red,0.3944,orange,0.3708,orange,0.7261,orange,0.5254,yellow,0.3147,red,0.2079,green,0.6819,red,0.5263,orange,0.1574,red,0.1213,orange,0.1933,yellow
4205001,0.1684,yellow,0.3608,orange,0.1809,green,0.0,red,0.4051,yellow,0.2181,green,0.2163,yellow,0.0329,yellow,0.0966,green,0.0125,orange,0.2193,red,0.1626,orange,0.2599,orange,0.1529,orange,0.1532,yellow,0.6781,yellow,0.1405,yellow,0.4873,orange,0.2982,orange,0.3286,orange,0.316,yellow,0.1959,red,0.3483,yellow,0.195,orange,0.1236,yellow,0.2016,red,0.5939,red,0.385,yellow,1.0,green,0.0894,orange,0.2262,yellow,0.2453,red,0.3178,orange,0.5017,orange,0.47,red,0.0484,green,0.32,orange,0.1738,orange,0.5882,red,0.7548,orange,0.9065,orange,0.1107,orange,0.0263,orange,0.517,orange,0.2542,red,0.6202,red,0.4327,yellow,0.2659,orange,0.0546,yellow,0.4194,green,0.6375,orange,0.1961,red,0.1225,orange,0.273,yellow
4205100,0.1274,green,0.2154,green,0.5699,red,0.0,red,0.3148,green,0.0363,red,0.0943,red,0.0455,yellow,0.2358,orange,0.0471,yellow,0.1173,yellow,0.1707,orange,0.2246,orange,0.1851,orange,0.1141,orange,0.62,orange,0.1255,yellow,0.5496,red,0.1576,yellow,0.3854,red,0.4918,red,0.0,orange,0.6423,red,0.3919,red,0.0,green,0.526,green,0.3453,yellow,0.3317,yellow,1.0,green,0.0101,yellow,0.4394,green,0.0659,yellow,0.4286,orange,0.4793,orange,0.4023,orange,0.1082,orange,0.188,red,0.2812,green,0.7124,orange,0.6616,red,0.9112,orange,0.0652,red,0.1143,green,0.1639,green,0.5718,green,0.7501,orange,0.4835,yellow,0.2885,orange,0.0056,red,0.3849,green,0.5684,orange,0.4756,yellow,0.1576,orange,0.1218,orange
4205159,0.1294,green,0.4468,red,0.9379,red,0.0,red,0.4654,orange,0.1292,yellow,0.0404,red,0.0318,yellow,0.1573,yellow,0.1837,green,0.0,green,0.0,green,0.0,green,0.2961,yellow,0.1004,orange,0.6723,yellow,0.0279,green,0.5941,red,0.2654,orange,0.405,red,0.545,red,0.0,orange,0.5579,red,0.2609,red,0.0,green,0.2249,red,0.2091,green,0.2403,orange,0.8748,orange,0.0167,yellow,0.3536,green,0.0325,green,0.2478,yellow,0.6664,green,0.4388,red,0.2433,red,0.271,orange,0.3287,green,0.8453,yellow,0.4787,red,0.9223,yellow,0.1982,yellow,0.1118,green,0.1133,green,0.3238,red,0.3544,red,0.3672,orange,0.1435,green,0.0164,orange,0.6353,orange,0.6401,orange,0.4235,yellow,0.4701,green,0.0203,red
4205175,0.2417,red,0.3439,yellow,0.2057,green,0.0,red,0.4174,orange,0.1587,yellow,0.3873,green,0.0403,yellow,0.1294,green,0.037,yellow,0.2526,red,0.2159,red,0.4366,red,0.4008,green,0.0,red,0.9412,green,0.0,green,0.571,red,0.2235,yellow,0.2944,orange,0.3926,orange,0.0,orange,0.4132,orange,0.2044,orange,0.2,orange,0.6966,green,0.2548,yellow,0.4036,yellow,1.0,green,0.4006,red,0.5498,green,0.2266,orange,0.2312,yellow,0.2902,red,0.6879,red,0.0883,yellow,0.2658,orange,0.2108,yellow,0.6719,red,0.4034,red,0.8713,red,0.1,orange,0.0114,red,0.6598,red,0.2439,red,0.9532,yellow,0.4253,orange,0.6567,red,0.0113,red,0.7878,red,0.1711,red,0.0709,red,0.1822,yellow,0.0869,orange
4205191,0.2348,red,0.2152,green,0.165,green,0.0,red,0.3456,green,0.2197,green,0.2289,yellow,0.1253,red,0.0875,green,0.0031,red,0.2049,orange,0.1728,orange,0.2266,orange,1.0,green,0.01,red,0.6698,yellow,0.537,red,0.0,green,0.9136,red,0.2954,orange,0.0,green,0.0,orange,0.0,green,0.0,green,0.3034,orange,0.2953,red,0.7177,red,0.7671,green,0.8117,red,0.0032,green,0.5296,green,0.1601,orange,0.6283,red,0.6164,yellow,0.1674,green,0.0363,green,0.4118,yellow,0.3695,green,0.8887,green,0.9041,green,0.9482,green,0.2237,yellow,0.0237,orange,0.0877,green,0.4584,yellow,0.9669,green,0.5258,yellow,0.1462,green,0.061,green,0.6251,orange,0.2794,red,0.5795,green,0.1846,yellow,0.0008,red
4205209,0.1074,green,0.3248,yellow,0.5196,red,0.0,red,0.2551,green,0.1668,yellow,0.196,yellow,0.1011,red,0.1371,yellow,0.0343,yellow,0.1848,orange,0.227,red,0.2553,orange,0.3964,green,0.0707,orange,0.4048,red,0.2937,red,0.5661,red,0.3346,orange,0.207,yellow,0.8039,red,0.0,orange,0.7559,red,0.338,red,0.0,green,0.4631,yellow,0.5704,red,0.314,yellow,1.0,green,0.0044,green,0.1445,orange,0.1612,orange,0.2443,yellow,0.6437,green,0.3813,orange,0.0955,orange,0.1032,red,0.033,red,0.7004,orange,0.7489,orange,0.9482,green,0.4928,green,0.1413,green,0.5478,orange,0.33,orange,0.9427,yellow,0.5577,green,0.1875,yellow,0.038,yellow,0.6333,orange,0.84,yellow,0.2882,orange,0.3484,green,0.0704,red
4205308,0.2167,orange,0.4262,red,0.4535,orange,0.0,red,0.2527,green,0.2399,green,0.3287,green,0.0523,yellow,0.1073,green,0.0217,orange,0.1949,orange,0.1977,orange,0.2584,orange,0.3293,green,0.1095,orange,0.6685,yellow,0.1802,orange,0.6249,red,0.1855,yellow,0.1702,green,0.3134,yellow,0.131,red,0.3028,yellow,0.1121,green,0.229,orange,0.4273,yellow,0.2912,yellow,0.2845,yellow,1.0,green,0.0291,orange,0.3758,green,0.0916,yellow,0.2834,yellow,0.4246,orange,0.4583,red,0.0672,yellow,0.5111,yellow,0.3311,green,0.7609,orange,0.7415,orange,0.9806,green,0.0915,orange,0.0271,orange,0.3693,yellow,0.1606,red,0.908,yellow,0.3556,orange,0.2982,orange,0.134,green,0.668,orange,0.8837,green,0.6254,green,0.1184,orange,0.3577,green
4205357,0.0901,green,0.4461,red,0.437,orange,0.0,red,0.4176,orange,0.294,green,0.3892,green,0.0673,orange,0.2793,orange,0.0301,yellow,0.169,orange,0.2267,red,0.1487,yellow,0.8956,green,0.0616,red,0.2548,red,0.0929,green,0.5041,orange,0.2238,yellow,0.5757,red,0.783,red,0.0,orange,0.8194,red,0.4247,red,0.0,green,0.4965,yellow,0.3831,orange,0.9012,green,1.0,green,0.4486,red,0.3892,green,1.0,red,0.0951,green,0.4222,orange,0.3078,yellow,0.1814,red,0.4022,yellow,0.7375,green,0.8928,green,0.7345,orange,1.0,green,0.1405,yellow,0.1252,green,0.2499,yellow,0.414,orange,0.9811,green,0.7048,green,0.3769,red,0.0387,yellow,0.2897,green,0.3493,red,0.2967,orange,0.342,green,0.4785,green
4205407,0.2443,red,0.3804,orange,0.4221,orange,0.0531,red,0.5087,red,0.0651,red,0.3345,green,0.0027,green,0.0352,green,0.0007,red,0.2903,red,0.2999,red,0.3027,red,0.1825,orange,0.9474,green,0.6428,yellow,0.0253,green,0.4013,yellow,0.1002,green,0.1619,green,0.2374,green,0.0573,orange,0.2588,green,0.1315,green,0.5076,red,0.0,red,0.1704,green,0.1353,red,0.7467,red,0.3709,red,0.0076,red,0.1902,orange,0.3776,orange,0.5573,yellow,0.1686,green,0.4847,red,0.5183,yellow,0.1377,orange,0.8709,yellow,0.8727,green,0.9181,orange,0.1452,yellow,0.0488,yellow,0.5439,orange,0.5119,yellow,0.0,red,0.2829,red,0.1975,yellow,0.0077,red,0.6535,orange,0.8781,green,1.0,green,0.1362,orange,0.5453,green
4205431,0.0858,green,0.2525,green,0.5224,red,0.0,red,0.4237,orange,0.0403,red,0.1964,yellow,0.0879,orange,0.1713,yellow,0.0289,yellow,0.0,green,0.0,green,0.0,green,0.4852,green,0.0613,red,0.779,green,0.1099,yellow,0.4843,orange,0.1856,yellow,0.2687,yellow,0.5647,red,0.0,orange,0.5909,red,0.4415,red,0.0,green,0.574,green,0.5808,red,0.4761,green,1.0,green,0.437,red,0.2241,yellow,0.4682,red,0.1243,green,0.6691,green,0.2924,yellow,0.0572,yellow,1.0,green,0.5559,green,0.9266,green,0.8715,green,0.9482,green,0.1306,orange,0.1943,green,0.3226,yellow,0.5908,green,0.9787,green,0.6996,green,0.466,red,0.1018,green,0.6771,orange,0.4552,orange,0.1011,red,0.2088,yellow,0.1689,yellow
4205456,0.2492,red,0.3421,yellow,0.2973,green,0.0,red,0.3551,yellow,0.0331,red,0.1383,orange,0.0225,green,0.0735,green,0.0006,red,0.1689,orange,0.2814,red,0.2716,red,0.3538,green,0.189,yellow,0.7913,green,0.2767,red,0.3818,yellow,0.3515,red,0.2573,yellow,0.2597,green,0.0493,orange,0.2596,green,0.1349,green,0.2876,orange,0.3289,orange,0.2405,green,0.1434,red,1.0,green,0.003,green,0.1898,orange,0.0761,yellow,0.474,red,0.296,red,0.3226,yellow,0.1539,orange,0.6219,green,0.0905,red,0.981,green,0.9756,green,0.9186,orange,0.1427,yellow,0.0286,orange,0.4315,orange,0.5926,green,0.5427,red,0.3687,orange,0.206,yellow,0.0134,orange,0.5167,yellow,0.9634,green,0.5061,green,0.228,yellow,0.1288,orange
4205506,0.2545,red,0.2866,green,0.2893,green,0.0,red,0.4318,orange,0.1081,orange,0.1566,orange,0.0216,green,0.2349,orange,0.0092,red,0.1736,orange,0.1699,orange,0.218,orange,0.0748,red,0.2511,green,0.6278,orange,0.0426,green,0.5927,red,0.2988,orange,0.2023,yellow,0.333,yellow,0.0,orange,0.3404,yellow,0.1814,yellow,0.268,orange,0.4399,yellow,0.273,yellow,0.1346,red,0.7309,red,0.0044,green,0.0632,red,0.0591,green,0.0084,green,0.3188,red,0.5476,red,0.0974,orange,0.4646,yellow,0.2203,yellow,0.9413,green,0.873,green,0.9482,green,0.0596,red,0.0327,orange,0.3358,yellow,0.3928,orange,0.607,red,0.2767,red,0.231,yellow,0.0239,orange,0.7876,red,0.7338,yellow,0.4324,yellow,0.2711,green,0.3069,green
4205555,0.1663,yellow,0.4237,red,0.2027,green,0.0,red,0.4428,orange,0.1774,yellow,0.1819,orange,0.0841,orange,0.2174,orange,0.0404,yellow,0.0,green,0.0,green,0.0,green,0.3048,yellow,0.0247,red,0.7155,yellow,0.058,green,0.4329,orange,0.1982,yellow,0.1874,green,0.1535,green,0.0,orange,0.1606,green,0.0,green,0.0,green,0.4539,yellow,0.3626,yellow,0.5828,green,0.6234,red,0.0033,green,0.2799,green,0.0328,green,0.492,red,0.5905,yellow,0.4766,red,0.0348,green,0.3752,yellow,0.2533,yellow,0.8237,yellow,0.878,green,0.9094,orange,0.0984,orange,0.0099,red,0.0436,green,0.4891,yellow,0.9694,green,0.6274,green,0.565,red,0.0343,yellow,0.0172,green,0.2394,red,0.1547,red,0.1274,orange,0.0354,red
4205605,0.2749,red,0.4738,red,0.9021,red,0.0,red,0.5819,red,0.058,red,0.1788,orange,0.0598,orange,0.0612,green,0.0192,orange,0.7694,red,0.4511,red,0.8215,red,0.3577,green,0.0393,red,0.7178,yellow,0.3503,red,0.4596,orange,0.7376,red,0.4755,red,0.3585,orange,0.6471,red,0.3994,orange,0.2151,orange,0.0,green,0.4685,yellow,0.2971,yellow,0.6003,green,0.8117,red,0.1698,orange,0.1808,orange,0.4708,red,0.3048,orange,0.3505,red,0.4459,red,0.1923,red,0.7396,green,0.2672,yellow,0.7297,orange,0.7695,orange,0.9482,green,0.1757,yellow,0.1291,green,0.0,green,0.2838,red,0.9559,yellow,0.7768,green,0.3625,red,0.0623,green,0.7571,red,0.7625,yellow,0.1634,red,0.1208,orange,0.1089,orange
4205704,0.2604,red,0.2766,green,0.3201,yellow,0.0093,red,0.4928,red,0.0718,red,0.5473,green,0.0037,green,0.0314,green,0.0045,red,0.1359,orange,0.0911,yellow,0.1595,yellow,0.2194,yellow,0.5898,green,0.7959,green,0.1316,yellow,0.3616,yellow,0.1108,green,0.2165,yellow,0.2425,green,0.0,orange,0.2589,green,0.1238,green,0.348,red,0.2558,red,0.2084,green,0.2469,orange,1.0,green,0.0158,yellow,0.154,orange,0.3337,red,0.4569,red,0.5685,yellow,0.1627,green,0.1756,red,0.5964,green,0.0643,red,0.7275,orange,0.853,yellow,0.9385,yellow,0.1159,orange,0.034,orange,0.4852,orange,0.3716,orange,0.9767,green,0.415,orange,0.2195,yellow,0.0047,red,0.4808,yellow,0.9295,green,0.3703,yellow,0.3519,green,0.258,yellow
4205803,0.2171,orange,0.2567,green,0.2028,green,0.1322,red,0.4921,red,0.2511,green,0.1689,orange,0.0274,yellow,0.0957,green,0.056,green,0.2917,red,0.3878,red,0.3839,red,0.0971,red,0.2687,green,0.7207,yellow,0.435,red,0.396,yellow,0.3401,orange,0.1533,green,0.2631,green,0.0786,orange,0.33,yellow,0.1831,yellow,0.2797,orange,0.3018,orange,0.1414,green,0.2712,yellow,0.9975,yellow,0.8472,red,0.1556,orange,0.0697,yellow,0.318,orange,0.2592,red,0.454,red,0.2437,red,0.2537,red,0.0758,red,0.6907,orange,0.5939,red,0.7643,red,0.3638,green,0.0542,yellow,0.5024,orange,0.2835,red,0.7277,orange,0.5363,green,0.118,green,0.018,orange,0.4846,yellow,0.8003,yellow,0.4276,yellow,0.1243,orange,0.2387,yellow
4205902,0.1755,yellow,0.3248,yellow,0.3418,yellow,0.0338,red,0.4229,orange,0.1302,yellow,0.2002,yellow,0.0089,green,0.1817,yellow,0.0079,red,0.1258,yellow,0.1141,yellow,0.1531,yellow,0.1872,orange,0.345,green,0.5671,orange,0.0644,green,0.3689,yellow,0.1516,green,0.1951,green,0.3573,orange,0.1215,red,0.4204,orange,0.218,orange,0.2961,orange,0.4893,yellow,0.1239,green,0.1969,orange,0.8431,red,0.1381,orange,0.1384,orange,0.1259,orange,0.3457,orange,0.3184,red,0.2844,yellow,0.2653,red,0.641,green,0.1842,orange,0.7225,orange,0.8209,yellow,0.9283,yellow,0.1848,yellow,0.034,orange,0.3239,yellow,0.5239,yellow,0.4477,red,0.41,orange,0.247,orange,0.0123,orange,0.4949,yellow,0.9136,green,0.606,green,0.3395,green,0.2497,yellow
4206009,0.1566,green,0.3397,yellow,0.5594,red,0.0,red,0.5185,red,0.1039,orange,0.4458,green,0.007,green,0.035,green,0.0076,red,0.0495,green,0.0508,yellow,0.0497,green,0.3104,yellow,0.7817,green,0.8779,green,0.1848,orange,0.4048,yellow,0.3437,orange,0.0999,green,0.3953,orange,0.0,orange,0.3602,yellow,0.1847,yellow,0.4697,red,0.2211,red,0.4682,orange,0.3206,yellow,0.9015,orange,0.0935,orange,0.2691,green,0.1182,orange,0.4704,red,0.5691,yellow,0.2849,yellow,0.1995,red,0.4446,yellow,0.213,yellow,0.4775,red,0.5475,red,0.9205,orange,0.1206,orange,0.0592,yellow,0.6598,red,0.6289,green,0.9595,yellow,0.4673,yellow,0.1875,yellow,0.0096,red,0.5793,orange,0.8815,green,0.3072,orange,0.7623,green,0.0839,orange
4206108,0.1848,yellow,0.4366,red,0.4429,orange,0.0,red,0.286,green,0.1625,yellow,0.1896,yellow,0.092,red,0.1712,yellow,0.0688,green,0.1767,orange,0.1679,orange,0.2187,orange,0.2853,yellow,0.0928,orange,0.542,orange,0.3024,red,0.3673,yellow,0.4071,red,0.4867,red,0.3122,yellow,0.4783,red,0.3817,orange,0.2942,red,0.1922,orange,0.6718,green,0.2368,green,0.2108,orange,1.0,green,0.008,yellow,0.4454,green,0.0409,green,0.4805,red,0.5744,yellow,0.2248,green,0.1617,orange,0.1377,red,0.1769,orange,0.7155,orange,0.778,orange,0.9112,orange,0.2798,green,0.0794,yellow,0.2649,yellow,0.5876,green,0.8701,yellow,0.4494,yellow,0.3728,red,0.0446,yellow,0.0724,green,0.4549,orange,0.4524,yellow,0.163,orange,0.1693,yellow
4206207,0.1824,yellow,0.3532,orange,0.3248,yellow,0.0,red,0.4728,orange,0.1456,yellow,0.275,green,0.0269,yellow,0.0595,green,0.0097,red,0.0747,yellow,0.0861,yellow,0.0769,green,0.0365,red,0.1977,yellow,0.7376,yellow,0.5111,red,0.4494,orange,0.1721,yellow,0.2714,yellow,0.4678,red,0.1642,red,0.5783,red,0.3237,red,0.3761,red,0.2828,red,0.5328,red,0.1186,red,0.9693,orange,0.0077,yellow,0.2485,yellow,0.087,yellow,0.5225,red,0.5425,yellow,0.2915,yellow,0.1245,orange,0.0843,red,0.0838,red,0.5557,red,0.6519,red,0.9522,green,0.0546,red,0.0198,red,0.387,orange,0.5194,yellow,0.7822,orange,0.3849,orange,0.307,red,0.0373,yellow,0.5964,orange,0.8056,yellow,0.3665,yellow,0.2127,yellow,0.0826,orange
4206306,0.1301,green,0.3788,orange,0.508,red,0.0,red,0.4748,orange,0.0398,red,0.1455,orange,0.0045,green,0.286,orange,0.0141,orange,0.0352,green,0.0748,yellow,0.0697,green,0.168,orange,0.2425,green,0.7398,yellow,0.0815,green,0.3706,yellow,0.257,orange,0.3057,orange,0.4641,red,0.0,orange,0.4799,orange,0.2895,red,0.109,yellow,0.3344,orange,0.0275,green,0.0375,red,0.8846,orange,0.0796,orange,0.0192,red,0.0705,yellow,0.2735,yellow,0.4858,orange,0.1843,green,0.1232,orange,0.2671,orange,0.1079,red,0.727,orange,0.7554,orange,0.951,green,0.1262,orange,0.0386,orange,0.2803,yellow,0.4868,yellow,0.5384,red,0.316,red,0.1167,green,0.0096,red,0.6759,orange,0.628,orange,0.5006,yellow,0.1249,orange,0.1071,orange
4206405,0.1715,yellow,0.477,red,0.543,red,0.0,red,0.6214,red,0.1343,yellow,0.2396,yellow,0.0731,orange,0.162,yellow,0.0194,orange,0.0494,green,0.0352,green,0.0457,green,0.2744,yellow,0.1542,yellow,0.3532,red,0.1725,orange,0.4361,orange,0.156,yellow,0.1997,yellow,0.3448,orange,0.0,orange,0.3636,yellow,0.2418,orange,0.1241,yellow,0.3538,orange,0.422,orange,0.2229,orange,1.0,green,0.4127,red,0.1329,orange,0.5865,red,0.1576,green,0.7236,green,0.2404,green,0.058,yellow,0.8309,green,0.0911,red,0.9323,green,0.863,green,0.9211,orange,0.1874,yellow,0.0193,red,0.0498,green,0.4574,yellow,0.9776,green,0.5091,yellow,0.1995,yellow,0.083,green,0.6288,orange,0.5077,orange,0.3201,orange,0.1182,red,0.1674,yellow
4206504,0.2253,orange,0.3236,yellow,0.3861,yellow,0.0,red,0.4917,red,0.1683,yellow,0.1211,red,0.0441,yellow,0.277,orange,0.0059,red,0.1028,yellow,0.1269,orange,0.1529,yellow,0.1339,orange,0.2144,yellow,0.5844,orange,0.0681,green,0.443,orange,0.1342,green,0.1691,green,0.2646,green,0.0697,orange,0.2961,yellow,0.1425,yellow,0.2128,orange,0.4123,yellow,0.0499,green,0.2232,orange,0.4283,red,0.0493,orange,0.089,red,0.1873,orange,0.2069,yellow,0.2359,red,0.2512,yellow,0.119,orange,0.3189,orange,0.1296,orange,0.8837,yellow,0.8274,yellow,0.9649,green,0.0792,red,0.0418,orange,0.1781,green,0.3107,red,0.3599,red,0.3868,orange,0.1699,yellow,0.0192,orange,0.8463,red,0.8531,yellow,0.5386,green,0.1749,orange,0.2902,green
4206603,0.1644,yellow,0.3321,yellow,0.322,yellow,0.0,red,0.5305,red,0.182,yellow,0.17,orange,0.0351,yellow,0.0832,green,0.0103,red,0.3023,red,0.2114,orange,0.3667,red,0.1715,orange,0.1139,orange,0.6085,orange,0.1896,orange,0.2692,green,0.1851,yellow,0.4281,red,0.3368,yellow,0.0,orange,0.3524,yellow,0.2724,red,0.0,green,0.4288,yellow,0.7543,red,0.333,yellow,1.0,green,0.4136,red,0.0809,red,0.2205,orange,0.6393,red,0.6183,yellow,0.1615,green,0.0598,yellow,0.4644,yellow,0.3215,green,0.5211,red,0.6957,orange,0.9112,orange,0.2975,green,0.2339,green,0.2825,yellow,0.6029,green,0.9617,green,0.4608,yellow,0.4465,red,0.5291,green,0.5015,yellow,0.7705,yellow,0.2896,orange,0.1143,red,0.0762,red
4206652,0.1387,green,0.3624,orange,0.4578,orange,0.0,red,0.3597,yellow,0.1096,orange,0.3798,green,0.0535,orange,0.1587,yellow,0.0343,yellow,0.3084,red,0.2366,red,0.382,red,0.3517,green,0.1358,orange,0.6126,orange,0.2175,orange,0.6499,red,0.1146,green,0.2564,yellow,0.4425,orange,0.1864,red,0.4909,red,0.2007,orange,0.2672,orange,0.3639,orange,0.3217,yellow,0.4412,green,1.0,green,0.1486,orange,0.2075,yellow,0.4456,red,0.4328,orange,0.2606,red,0.3327,orange,0.0485,green,0.3682,orange,0.2813,green,0.8618,yellow,0.7757,orange,0.9223,yellow,0.4077,green,0.0336,orange,0.271,yellow,0.1584,red,0.9678,green,0.3863,orange,0.3918,red,0.0173,orange,0.4314,green,0.6863,yellow,0.9367,green,0.0543,red,0.1108,orange
4206702,0.2232,orange,0.2783,green,0.4325,orange,0.0,red,0.47,orange,0.047,red,0.1551,orange,0.0155,green,0.1516,yellow,0.0091,red,0.1775,orange,0.0963,yellow,0.2627,orange,0.0398,red,0.2198,yellow,0.6034,orange,0.1347,yellow,0.5447,red,0.1505,green,0.2158,yellow,0.3022,yellow,0.078,orange,0.3021,yellow,0.1879,yellow,0.3386,red,0.3505,orange,0.2025,green,0.206,orange,0.8692,orange,0.0464,orange,0.2298,yellow,0.219,orange,0.31,orange,0.5082,orange,0.3864,orange,0.2175,red,0.4388,yellow,0.1164,red,0.8444,yellow,0.6824,red,0.9482,green,0.5903,green,0.0143,red,0.677,red,0.4822,yellow,0.3536,red,0.5031,yellow,0.2716,orange,0.0189,orange,0.5548,yellow,0.8222,yellow,0.2517,orange,0.0719,red,0.1065,orange
4206751,0.1974,orange,0.4391,red,0.5088,red,0.0,red,0.926,red,0.2831,green,0.3098,green,0.1184,red,0.2495,orange,0.0567,green,0.1445,orange,0.0,green,0.2394,orange,0.6849,green,0.0681,orange,0.6273,orange,0.0062,green,0.3132,green,0.1157,green,0.1161,green,0.1668,green,0.0,orange,0.318,yellow,0.0,green,0.0,green,0.391,orange,0.2585,yellow,0.6001,green,1.0,green,0.0036,green,0.3125,green,0.4043,red,0.7097,red,0.4637,orange,0.2889,yellow,0.0,green,0.6143,green,0.103,red,0.9138,green,0.6927,orange,0.9482,green,0.2201,yellow,0.0637,yellow,0.2393,yellow,0.4765,yellow,0.9616,green,0.8801,green,0.1483,green,0.0725,green,0.6681,orange,0.3695,red,0.1314,red,0.1196,orange,0.2339,yellow
4206801,0.1672,yellow,0.3445,yellow,0.5778,red,0.0,red,0.473,orange,0.0273,red,0.2151,yellow,0.0941,red,0.2261,orange,0.0484,yellow,0.0,green,0.0,green,0.0,green,0.3515,green,0.0688,orange,0.4695,red,0.056,green,0.1762,green,0.2615,orange,0.8528,red,0.381,orange,0.0,orange,0.3988,orange,0.3729,red,0.0,green,0.6919,green,0.7221,red,0.4388,green,0.8117,red,0.0101,yellow,0.1639,orange,0.2865,red,0.4805,red,0.6707,green,0.2284,green,0.0226,green,0.3636,orange,0.2049,yellow,0.9548,green,0.8383,yellow,1.0,green,0.2297,green,0.0223,red,0.5073,orange,0.4089,orange,0.9456,yellow,0.4185,orange,0.1904,yellow,0.0116,orange,0.5785,orange,0.6566,orange,0.3307,orange,0.1958,yellow,0.2517,yellow
4206900,0.1818,yellow,0.4426,red,0.4563,orange,0.0,red,0.517,red,0.3621,green,0.11,red,0.0091,green,0.2117,orange,0.0215,orange,0.0756,yellow,0.019,green,0.0995,yellow,0.0471,red,0.2528,green,0.6074,orange,0.069,green,0.3285,green,0.2564,orange,0.3143,orange,0.2293,green,0.0,orange,0.3235,yellow,0.1082,green,0.6561,red,0.1772,red,0.4923,orange,0.1221,red,0.9906,orange,0.0138,yellow,0.2046,yellow,0.0314,green,0.2387,yellow,0.5233,yellow,0.3247,yellow,0.1009,orange,0.5981,green,0.1209,red,0.6433,red,0.4866,red,0.9166,orange,0.1038,orange,0.0312,orange,0.5258,orange,0.619,green,0.7499,orange,0.2654,red,0.2657,orange,0.0093,red,0.4361,green,0.8629,green,0.5472,green,0.2021,yellow,0.2638,yellow
4207007,0.2182,orange,0.411,orange,0.3789,yellow,0.0039,red,0.4354,orange,0.1177,orange,0.1597,orange,0.0099,green,0.0773,green,0.0006,red,0.0971,yellow,0.1164,yellow,0.1636,yellow,0.2192,yellow,0.2927,green,0.7987,green,0.2042,orange,0.4073,yellow,0.5567,red,0.1438,green,0.3186,yellow,0.1222,red,0.3277,yellow,0.1943,orange,0.2795,orange,0.276,red,0.255,yellow,0.1092,red,1.0,green,0.0023,green,0.1971,orange,0.1493,orange,0.3493,orange,0.4246,orange,0.2526,yellow,0.1731,red,0.1839,red,0.1035,red,0.8937,green,0.9585,green,0.8868,red,0.1561,yellow,0.0382,orange,0.3372,yellow,0.3396,orange,0.7977,orange,0.2467,red,0.172,yellow,0.0073,red,0.6937,red,0.8572,yellow,0.5605,green,0.0504,red,0.5055,green
4207106,0.2455,red,0.2941,green,0.3841,yellow,0.0,red,0.3962,yellow,0.2798,green,0.1849,orange,0.0299,yellow,0.2509,orange,0.0205,orange,0.2671,red,0.303,red,0.331,red,0.2426,yellow,0.205,yellow,0.8297,green,0.3035,red,0.3474,green,0.3036,orange,0.2197,yellow,0.2963,yellow,0.1209,red,0.3307,yellow,0.177,yellow,0.045,yellow,0.4573,yellow,0.1944,green,0.0996,red,1.0,green,0.0992,orange,0.1521,orange,0.068,yellow,0.4193,orange,0.2123,red,0.3793,orange,0.2261,red,0.2871,orange,0.1858,orange,0.7458,orange,0.6195,red,0.9068,orange,0.0996,orange,0.056,yellow,0.3169,yellow,0.6372,green,0.8635,yellow,0.4691,yellow,0.2116,yellow,0.0076,red,0.6776,red,0.7744,yellow,0.395,yellow,0.1394,orange,0.0525,red
4207205,0.2331,orange,0.2473,green,0.4678,orange,0.0,red,0.4572,orange,0.0954,orange,0.1708,orange,0.0334,yellow,0.0327,green,0.0563,green,0.2565,red,0.1429,orange,0.2069,orange,0.0886,red,0.0492,red,0.7827,green,0.8781,red,0.5022,orange,0.4015,red,0.193,green,0.5156,red,0.0,orange,0.5058,red,0.2554,orange,0.3514,red,0.3332,orange,0.9083,red,0.1764,red,1.0,green,0.0078,yellow,0.3548,green,0.0746,yellow,1.0,red,0.6817,green,0.3905,orange,0.2877,red,0.1529,red,0.2383,yellow,0.3019,red,0.289,red,0.9218,orange,0.0665,red,0.0219,red,0.7409,red,0.433,yellow,0.9687,green,0.6783,green,0.1374,green,0.0253,yellow,0.9187,red,0.2109,red,0.0787,red,0.2827,green,0.1219,orange
4207304,0.2562,red,0.2805,green,0.4183,orange,0.0209,red,0.5387,red,0.1345,yellow,0.2943,green,0.0207,green,0.037,green,0.0012,red,0.1893,orange,0.1556,orange,0.1964,orange,0.0143,red,0.5691,green,0.8171,green,0.2674,orange,0.3507,green,0.3739,red,0.1707,green,0.2769,yellow,0.0421,orange,0.2753,green,0.1782,yellow,0.5417,red,0.0656,red,0.47,orange,0.1832,orange,1.0,green,0.0079,yellow,0.2337,yellow,0.2492,red,0.4973,red,0.5717,yellow,0.2574,yellow,0.2483,red,0.2923,orange,0.1777,orange,0.5877,red,0.7562,orange,0.9267,yellow,0.0673,red,0.0588,yellow,0.6668,red,0.352,orange,0.8097,orange,0.1531,red,0.1815,yellow,0.0114,red,0.6778,red,0.8368,yellow,0.3344,orange,0.3413,green,0.2154,yellow
4207403,0.1557,green,0.3728,orange,0.3589,yellow,0.0,red,0.202,green,0.1015,orange,0.1244,red,0.0266,yellow,0.1814,yellow,0.0101,red,0.1613,orange,0.1169,yellow,0.2304,orange,0.1158,red,0.09,orange,0.6127,orange,0.2634,orange,0.2623,green,0.1515,green,0.6017,red,0.3911,orange,0.0,orange,0.4153,orange,0.2223,orange,0.1017,yellow,0.4992,yellow,0.4714,orange,0.2798,yellow,1.0,green,0.0073,yellow,0.1902,orange,0.0214,green,0.1211,green,0.4549,orange,0.3039,yellow,0.0121,green,0.2799,orange,0.1818,orange,0.9201,green,0.8459,yellow,0.8835,red,0.065,red,0.4153,green,0.2111,green,0.4083,orange,0.9311,yellow,0.3499,orange,0.2391,orange,0.0106,red,0.5971,orange,0.3205,red,0.1893,red,0.205,yellow,0.0802,orange
4207502,0.2319,orange,0.3416,yellow,0.4039,yellow,0.0,red,0.43,orange,0.1766,yellow,0.2029,yellow,0.0047,green,0.2113,orange,0.0119,orange,0.1018,yellow,0.0732,yellow,0.1458,yellow,0.2024,yellow,0.3646,green,0.6491,yellow,0.0978,yellow,0.3898,yellow,0.1824,yellow,0.2114,yellow,0.3144,yellow,0.0228,orange,0.3251,yellow,0.1559,yellow,0.3314,red,0.3209,orange,0.1274,green,0.1815,orange,0.7224,red,0.5614,red,0.1221,red,0.1402,orange,0.1937,green,0.4225,orange,0.2246,green,0.1531,orange,0.296,orange,0.1524,orange,0.8589,yellow,0.7695,orange,0.9144,orange,0.1303,orange,0.0651,yellow,0.323,yellow,0.5775,green,0.4059,red,0.3301,red,0.1717,yellow,0.0222,orange,0.7587,red,0.8839,green,0.6604,green,0.2577,yellow,0.6803,green
4207577,0.9893,red,0.5941,red,0.0666,green,0.0,red,1.0,red,0.1539,yellow,0.2904,green,0.1394,red,0.1787,yellow,0.032,yellow,0.0,green,0.1241,orange,0.0814,green,0.4635,green,0.0726,orange,0.3309,red,0.2933,red,0.4124,yellow,0.3297,orange,0.165,green,0.4733,red,0.0,orange,0.4953,red,0.2122,orange,0.2153,orange,0.6118,green,0.1936,green,0.5391,green,1.0,green,0.0075,yellow,0.2931,green,0.0688,yellow,0.0871,green,0.7772,green,0.3008,yellow,0.0,green,0.46,yellow,0.3078,green,0.9329,green,0.8889,green,0.9482,green,0.1595,yellow,0.1526,green,0.1807,green,0.5706,green,0.9592,yellow,0.4281,orange,0.0,green,0.0276,yellow,0.608,orange,0.3902,red,0.4291,yellow,0.2063,yellow,0.111,orange
4207601,0.1929,orange,0.3051,yellow,0.2191,green,0.0,red,0.1457,green,0.0902,orange,0.1624,orange,0.0753,orange,0.4108,red,0.0336,yellow,0.0659,green,0.078,yellow,0.1034,yellow,0.2764,yellow,0.0657,orange,0.3793,red,0.0335,green,0.6426,red,0.1696,yellow,0.7597,red,0.3033,yellow,0.0,orange,0.509,red,0.1689,yellow,0.28,orange,0.4607,yellow,0.6618,red,0.3338,yellow,1.0,green,0.2221,red,0.331,green,0.1316,orange,0.175,green,0.7283,green,0.1811,green,0.0664,yellow,0.4084,yellow,0.1699,orange,0.846,yellow,0.8983,green,0.9223,yellow,0.1629,yellow,0.3212,green,0.123,green,0.5115,yellow,0.994,green,0.6356,green,0.5741,red,0.0483,yellow,0.1885,green,0.624,orange,0.0913,red,0.2128,yellow,0.1775,yellow
4207650,0.1924,orange,0.3056,yellow,0.4917,orange,0.0231,red,0.3582,yellow,0.1281,orange,0.2698,green,0.095,red,0.3299,red,0.0186,orange,0.0586,green,0.0401,green,0.0521,green,0.2098,yellow,0.1881,yellow,0.3856,red,0.0628,green,0.3635,yellow,0.0863,green,0.4837,red,0.2205,green,0.0,orange,0.2653,green,0.1416,yellow,0.2085,orange,0.4554,yellow,0.2437,yellow,0.2034,orange,1.0,green,0.5266,red,0.0974,red,0.5054,red,0.1122,green,0.7185,green,0.117,green,0.0409,green,0.4261,yellow,0.0909,red,0.9183,green,0.7989,yellow,0.9223,yellow,0.1477,yellow,0.0546,yellow,0.2371,yellow,0.4315,yellow,0.9851,green,0.4706,yellow,0.1324,green,0.1773,green,0.468,yellow,0.5631,orange,0.2735,orange,0.1418,orange,0.1557,yellow
4207684,0.1876,yellow,0.3783,orange,0.277,green,0.0,red,0.5743,red,0.2057,green,0.4419,green,0.0324,yellow,0.0945,green,0.0168,orange,0.5157,red,0.3336,red,0.7524,red,0.1185,red,0.045,red,0.9116,green,0.0758,green,0.9019,red,0.1639,yellow,0.3408,orange,0.6386,red,0.117,red,0.6888,red,0.3991,red,0.2486,orange,0.7706,green,0.0744,green,0.2419,orange,0.9299,orange,0.2204,red,0.2085,yellow,0.2387,red,0.6175,red,0.1511,red,0.842,red,0.1627,orange,0.1344,red,0.1239,red,0.492,red,0.5772,red,0.9445,yellow,0.155,yellow,0.0179,red,0.673,red,0.0,red,0.732,orange,0.3763,orange,0.2342,yellow,0.0208,orange,0.73,red,0.1331,red,0.4036,yellow,0.0444,red,0.0272,red
4207700,0.3828,red,0.3433,yellow,0.5042,red,0.0,red,0.3225,green,0.0184,red,0.2947,green,0.0639,orange,0.2253,orange,0.0298,yellow,0.0962,yellow,0.0457,green,0.0921,green,0.1714,orange,0.0918,orange,0.3588,red,0.204,orange,0.6306,red,0.3526,red,0.4218,red,0.5985,red,0.0,orange,0.7121,red,0.4725,red,0.0837,yellow,0.4392,yellow,0.307,yellow,0.3603,yellow,0.9782,orange,0.0679,orange,0.1183,red,0.1372,orange,0.3487,orange,0.723,green,0.2049,green,0.097,orange,0.235,red,0.2583,yellow,0.7413,orange,0.7454,orange,0.9827,green,0.1301,orange,0.0175,red,0.2005,green,0.3865,orange,0.9643,green,0.4185,orange,0.1955,yellow,0.0413,yellow,0.5364,yellow,0.5407,orange,0.7602,green,0.1332,orange,0.0486,red
4207759,0.6956,red,0.5188,red,0.4389,orange,0.0,red,0.3925,yellow,0.3448,green,0.4538,green,0.1124,red,0.2886,orange,0.0294,yellow,0.201,orange,0.1779,orange,0.1751,orange,0.4703,green,0.074,orange,0.5639,orange,0.1256,yellow,0.5423,red,0.1555,yellow,0.2878,orange,1.0,red,0.0,orange,0.8295,red,0.4076,red,0.0,green,0.5389,green,0.5427,red,0.3876,yellow,0.9751,orange,0.2189,red,0.3469,green,0.2309,orange,0.4201,orange,0.7378,green,0.3722,orange,0.0363,green,0.4253,yellow,0.352,green,0.7164,orange,0.8612,green,0.9024,orange,0.3654,green,0.0104,red,0.1578,green,0.3325,orange,0.9324,yellow,0.3377,red,0.1448,green,0.0155,orange,0.6023,orange,0.3314,red,0.0671,red,0.1342,orange,0.2219,yellow
4207809,0.3602,red,0.3416,yellow,0.3065,green,0.0,red,0.2462,green,0.2446,green,0.164,orange,0.054,orange,0.1862,yellow,0.0368,yellow,0.2438,red,0.2435,red,0.297,red,0.1421,orange,0.1378,yellow,0.5138,red,0.143,yellow,0.6795,red,0.2338,yellow,0.3347,orange,0.4011,orange,0.188,red,0.4521,orange,0.318,red,0.2439,orange,0.4864,yellow,0.184,green,0.2194,orange,1.0,green,0.0085,yellow,0.2166,yellow,0.3405,red,0.2074,yellow,0.4043,red,0.4485,red,0.0216,green,0.371,orange,0.2383,yellow,0.9411,green,0.8918,green,0.9223,yellow,0.0738,red,0.2903,green,0.4804,orange,0.2861,red,0.6599,orange,0.5354,green,0.3457,red,0.0392,yellow,0.4776,yellow,0.7988,yellow,0.2105,orange,0.1124,red,0.1183,orange
4207858,0.1174,green,0.3977,orange,0.3115,yellow,0.0,red,0.4093,yellow,0.0586,red,0.3671,green,0.0702,orange,0.1793,yellow,0.0253,yellow,0.1052,yellow,0.1768,orange,0.116,yellow,0.5149,green,0.0198,red,0.7117,yellow,0.1178,yellow,0.081,green,0.4044,red,0.3465,orange,0.3654,orange,0.0,orange,0.3824,orange,0.2857,red,0.3228,red,0.4531,yellow,0.2607,yellow,0.5745,green,1.0,green,0.1926,orange,0.3103,green,0.0648,yellow,0.456,red,0.4249,orange,0.3883,orange,0.0766,yellow,0.19,red,0.0749,red,0.9293,green,0.8001,yellow,0.9612,green,0.0863,orange,0.0521,yellow,0.3508,yellow,0.6121,green,0.964,green,0.2459,red,0.2924,orange,0.1741,green,0.9348,red,0.269,red,0.2605,orange,0.5845,green,0.0395,red
4207908,0.1828,yellow,0.2843,green,0.2452,green,0.0,red,0.4028,yellow,0.1454,yellow,0.1585,orange,0.0484,yellow,0.1862,yellow,0.0466,yellow,0.1084,yellow,0.0671,yellow,0.1758,orange,0.131,red,0.1582,yellow,0.8071,green,0.2391,orange,0.4205,yellow,0.1563,yellow,0.1824,green,0.3172,yellow,0.1517,red,0.4588,orange,0.1815,yellow,0.1123,yellow,0.4828,yellow,0.4371,orange,0.1969,orange,1.0,green,0.0102,yellow,0.1864,orange,0.0121,green,0.0797,green,0.4764,orange,0.4953,red,0.0276,green,0.4636,yellow,0.39,green,0.6841,orange,0.9377,green,0.795,red,0.4609,green,0.0393,orange,0.2089,green,0.2461,red,0.6495,red,0.6414,green,0.1632,yellow,0.0837,green,0.5251,yellow,0.2987,red,0.0944,red,0.1071,red,0.1235,orange
4208005,0.2433,red,0.3994,orange,0.7,red,0.0,red,0.3742,yellow,0.1585,yellow,0.2603,yellow,0.0661,orange,0.2627,orange,0.0193,orange,0.0,green,0.0,green,0.0372,green,0.4085,green,0.1211,orange,0.4249,red,0.1131,yellow,0.6719,red,0.1976,yellow,0.5072,red,0.3654,orange,0.0,orange,0.3281,yellow,0.1974,orange,0.1034,yellow,1.0,green,0.5895,red,0.6172,green,1.0,green,0.5221,red,0.2527,yellow,0.2236,orange,0.2105,yellow,0.6708,green,0.2373,green,0.1033,orange,0.4628,yellow,0.2198,yellow,0.8941,green,0.898,green,0.9334,yellow,0.2506,green,0.0361,orange,0.5306,orange,0.3588,orange,0.9989,green,0.4768,yellow,0.2751,orange,0.1576,green,0.4159,green,0.7702,yellow,0.3932,yellow,0.2443,yellow,0.3191,green
4208104,1.0,red,0.2065,green,0.3742,yellow,0.0,red,0.3561,yellow,0.1952,green,0.1218,red,0.0809,orange,0.3578,red,0.0805,green,0.1931,orange,0.132,orange,0.2264,orange,0.0386,red,0.1464,yellow,0.8797,green,0.1448,yellow,0.4871,orange,0.2321,yellow,0.2548,yellow,0.3202,yellow,0.0,orange,0.3388,yellow,0.1515,yellow,0.1144,yellow,0.3938,orange,0.4829,orange,0.1896,orange,1.0,green,0.0054,yellow,0.2119,yellow,0.0456,green,0.1332,green,0.4652,orange,0.4346,orange,0.0443,green,0.259,red,0.2177,yellow,0.9149,green,0.8736,green,0.7829,red,0.0479,red,0.0257,orange,0.3936,orange,0.1871,red,0.8056,orange,0.4312,yellow,0.1385,green,0.007,red,0.58,orange,0.6126,orange,0.3257,orange,0.0482,red,0.3801,green
4208203,0.2114,orange,0.3312,yellow,0.3781,yellow,0.0088,red,0.4701,orange,0.1545,yellow,0.2848,green,0.0072,green,0.1342,green,0.0009,red,0.2651,red,0.2717,red,0.3217,red,0.2027,yellow,0.3739,green,0.7119,yellow,0.0876,green,0.3989,yellow,0.2073,yellow,0.1564,green,0.3573,orange,0.1386,red,0.3709,yellow,0.1955,orange,1.0,red,0.3608,orange,0.2515,yellow,0.5838,green,0.7987,red,0.7067,red,0.0523,red,0.207,orange,0.2245,yellow,0.3133,red,0.2697,yellow,0.5518,red,0.3112,orange,0.1592,orange,0.8855,yellow,0.8656,green,0.912,orange,0.1472,yellow,0.0562,yellow,0.2428,yellow,0.5966,green,0.5028,red,0.3661,orange,0.2367,orange,0.0109,red,0.3257,green,0.9681,green,0.7662,green,0.1302,orange,0.4155,green
4208302,0.1807,yellow,0.3384,yellow,0.4047,yellow,0.003,red,0.4679,orange,0.07,red,0.3606,green,0.0017,green,0.1065,green,0.0011,red,0.3485,red,0.2821,red,0.3984,red,0.2617,yellow,0.8824,green,0.7838,green,0.1103,yellow,0.4451,orange,0.1128,green,0.2144,yellow,0.3996,orange,0.0,orange,0.4295,orange,0.2446,orange,0.561,red,0.3845,orange,0.0862,green,0.2408,orange,0.8419,red,0.2191,red,0.0811,red,0.2038,orange,0.2406,yellow,0.2192,red,0.3235,yellow,0.3046,red,0.5403,green,0.1288,orange,0.795,yellow,0.8318,yellow,0.912,orange,0.2212,yellow,0.0887,green,0.3151,yellow,0.3983,orange,0.7251,orange,0.5273,yellow,0.2432,orange,0.0105,red,0.3484,green,0.9768,green,0.5047,green,0.2389,yellow,0.2326,yellow
4208401,0.1681,yellow,0.3793,orange,0.4755,orange,0.0,red,0.4951,red,0.0877,orange,0.3371,green,0.0721,orange,0.3731,red,0.0135,orange,0.0839,yellow,0.0647,yellow,0.1681,yellow,0.1452,orange,0.2117,yellow,0.3641,red,0.1576,orange,0.3787,yellow,0.2251,yellow,0.3091,orange,0.3636,orange,0.087,red,0.4794,orange,0.2116,orange,0.074,yellow,0.4381,yellow,0.2358,green,0.1999,orange,1.0,green,0.46,red,0.2012,yellow,0.1148,yellow,0.1736,green,0.5461,yellow,0.202,green,0.053,yellow,0.3567,orange,0.1241,orange,0.7864,orange,0.783,yellow,0.9456,yellow,0.292,green,0.0256,orange,0.2693,yellow,0.3352,orange,0.7991,orange,0.4272,orange,0.2663,orange,0.0596,yellow,0.4663,yellow,0.8296,yellow,0.7612,green,0.168,orange,0.1929,yellow
4208450,0.1781,yellow,0.2805,green,0.4681,orange,0.0,red,0.5359,red,0.1577,yellow,0.3448,green,0.0099,green,0.1098,green,0.0223,orange,1.0,red,1.0,red,1.0,red,0.2549,yellow,0.6973,green,0.6256,orange,0.1588,orange,0.4434,orange,0.15,green,0.203,yellow,0.4128,orange,0.0,orange,0.3985,orange,0.1547,yellow,0.4592,red,0.5202,green,0.2855,yellow,0.3236,yellow,0.9674,orange,0.3495,red,0.1505,orange,0.0737,yellow,0.2965,yellow,0.2092,red,0.4113,orange,0.3087,red,0.3285,orange,0.2148,yellow,0.9097,green,0.9259,green,0.9445,yellow,0.8339,green,0.1857,green,0.4332,orange,0.44,yellow,0.961,green,0.4996,yellow,0.3037,red,0.0112,red,0.446,yellow,0.8539,yellow,0.279,orange,0.2996,green,0.0994,orange
4208500,0.2838,red,0.4394,red,0.4538,orange,0.0,red,0.5413,red,0.2218,green,0.1859,yellow,0.032,yellow,0.6889,red,0.0098,red,0.2052,orange,0.1694,orange,0.2896,red,0.1023,red,0.3163,green,0.609,orange,0.2753,red,0.3569,green,0.3592,red,0.31,orange,0.3803,orange,0.0,orange,0.4158,orange,0.1938,orange,0.3482,red,0.3902,orange,0.2559,yellow,0.1112,red,1.0,green,0.0058,yellow,0.1958,orange,0.0899,yellow,0.2371,yellow,0.4003,red,0.2677,yellow,0.1264,orange,0.5178,yellow,0.307,green,0.8916,green,0.7833,yellow,0.9379,yellow,0.146,yellow,0.0453,yellow,0.4658,orange,0.5287,yellow,0.7528,orange,0.4254,orange,0.3181,red,0.0227,orange,0.7738,red,0.7934,yellow,0.4344,yellow,0.151,orange,0.2728,yellow
4208609,0.298,red,0.437,red,0.873,red,0.0517,red,0.5277,red,0.1475,yellow,0.1654,orange,0.1243,red,0.2369,orange,0.0463,yellow,0.2184,red,0.1718,orange,0.2306,orange,0.2888,yellow,0.0533,red,0.5239,red,0.1172,yellow,0.5107,orange,0.1895,yellow,0.5156,red,0.2189,green,0.4,red,0.3039,yellow,0.1156,green,0.0,green,0.59,green,0.4074,orange,0.4806,green,1.0,green,0.0084,yellow,0.3213,green,0.3748,red,0.2126,yellow,0.5827,yellow,0.3596,orange,0.1067,orange,0.4311,yellow,0.2129,yellow,0.9343,green,0.8236,yellow,0.9482,green,0.5873,green,0.1188,green,0.5267,orange,0.4252,orange,0.9465,yellow,0.5528,green,0.1448,green,0.0117,orange,0.5296,yellow,0.5262,orange,0.2764,orange,0.0915,red,0.0786,orange
4208708,0.1684,yellow,0.254,green,0.3026,green,0.0,red,0.4777,orange,0.0887,orange,0.1601,orange,0.0645,orange,0.2153,orange,0.0519,green,0.0763,yellow,0.1036,yellow,0.0902,green,0.2037,yellow,0.1065,orange,0.7623,green,0.5023,red,0.3602,green,0.6158,red,0.2183,yellow,0.3615,orange,0.0,orange,0.4118,orange,0.2896,red,0.1791,yellow,0.1113,red,0.6457,red,0.1089,red,0.7465,red,0.0017,green,0.302,green,0.0944,yellow,0.5587,red,0.5457,yellow,0.3313,orange,0.1845,red,0.4105,yellow,0.4041,green,0.8435,yellow,0.87,green,0.8533,red,0.0485,red,0.0119,red,0.2649,yellow,0.5495,green,0.8207,orange,0.2886,red,0.2756,orange,0.0988,green,0.0,green,0.8077,yellow,0.3045,orange,0.2307,yellow,0.2796,green
4208807,0.2183,orange,0.3305,yellow,0.4283,orange,0.0199,red,0.5066,red,0.2196,green,0.5992,green,0.0335,yellow,0.1715,yellow,0.0027,red,0.1342,yellow,0.1245,orange,0.1402,yellow,0.1968,orange,0.364,green,0.8072,green,0.1762,orange,0.4282,yellow,0.3052,orange,0.2388,yellow,0.2624,green,0.0767,orange,0.3025,yellow,0.1494,yellow,0.3754,red,0.3245,orange,0.7022,red,0.1406,red,1.0,green,0.0047,green,0.2662,green,0.2442,red,0.7057,red,0.5169,yellow,0.2761,yellow,0.2288,red,0.1286,red,0.171,orange,0.8334,yellow,0.8392,yellow,0.7851,red,0.0625,red,0.0343,orange,0.55,red,0.1806,red,0.9077,yellow,0.4148,orange,0.06,green,0.0303,yellow,0.3285,green,0.5493,orange,0.3886,yellow,0.2366,yellow,0.3998,green
4208906,0.2109,orange,0.3513,orange,0.3547,yellow,0.0059,red,0.4961,red,0.1198,orange,0.1543,orange,0.0112,green,0.2311,orange,0.0048,red,0.0478,green,0.0434,green,0.0647,green,0.2072,yellow,0.2803,green,0.5064,red,0.0725,green,0.44,orange,0.0982,green,0.1631,green,0.3252,yellow,0.1019,red,0.3391,yellow,0.1829,yellow,0.2016,orange,0.5394,green,0.0623,green,0.2709,yellow,0.1822,red,0.3356,red,0.0721,red,0.1735,orange,0.2589,yellow,0.4317,orange,0.1564,green,0.1376,orange,0.6071,green,0.1414,orange,0.8871,yellow,0.9247,green,0.9375,yellow,0.1543,yellow,0.0613,yellow,0.1168,green,0.4323,yellow,0.3537,red,0.2281,red,0.1567,green,0.0111,red,0.6003,orange,0.9714,green,0.6945,green,0.2352,yellow,0.7914,green
4208955,0.2348,red,0.3856,orange,0.0,green,0.4602,red,0.6984,red,0.1751,yellow,0.5418,green,0.1348,red,0.2501,orange,0.0314,yellow,0.1669,orange,0.0,green,0.1492,yellow,0.7575,green,0.0467,red,0.5234,red,0.3382,red,0.4793,orange,0.5797,red,0.2841,orange,0.0,green,0.0,orange,0.0,green,0.0,green,0.4013,red,0.4167,yellow,0.3501,yellow,0.743,green,1.0,green,0.37,red,0.3887,green,0.3748,red,0.4241,orange,0.5705,yellow,0.354,orange,0.0,green,0.3057,orange,0.3453,green,0.8765,yellow,0.7418,orange,0.9482,green,0.1278,orange,0.0568,yellow,0.2935,yellow,0.5606,green,0.9683,green,0.7565,green,0.1839,yellow,0.0344,yellow,0.6057,orange,0.7331,yellow,0.1719,red,0.2259,yellow,0.0988,orange
4209003,0.234,orange,0.3501,yellow,0.4814,orange,0.0067,red,0.4855,red,0.2856,green,0.2469,yellow,0.0196,green,0.1904,yellow,0.0082,red,0.0344,green,0.0,green,0.0549,green,0.2008,orange,0.3899,green,0.5299,orange,0.1686,orange,0.521,red,0.2939,orange,0.195,green,0.4267,orange,0.0,orange,0.4347,orange,0.3267,red,0.2098,orange,0.3212,orange,0.1794,green,0.2015,orange,0.9546,orange,0.0119,yellow,0.2141,yellow,0.1827,orange,0.3088,orange,0.6386,green,0.2266,green,0.1387,orange,0.438,yellow,0.2653,yellow,0.8478,yellow,0.8018,yellow,0.9269,yellow,0.0972,orange,0.025,orange,0.602,red,0.6075,green,0.0435,red,0.3253,red,0.2473,orange,0.0145,orange,0.4624,yellow,0.9719,green,0.9874,green,0.2852,green,0.5519,green
4209102,0.2348,orange,0.3002,yellow,0.3639,yellow,0.0147,red,0.5507,red,0.1013,orange,0.201,yellow,0.004,green,0.1372,yellow,0.0029,red,0.2846,red,0.3639,red,0.3352,red,0.037,red,0.4255,green,0.6284,orange,0.0782,green,0.4285,yellow,0.1655,yellow,0.161,green,0.2604,green,0.0838,orange,0.2882,green,0.142,yellow,0.3589,red,0.4039,orange,0.1559,green,0.3675,yellow,0.5499,red,1.0,red,0.0063,red,0.1368,orange,0.3119,orange,0.4428,orange,0.2163,green,0.2993,red,0.6797,green,0.1087,red,0.9287,green,0.9612,green,0.9219,orange,0.31,green,0.0885,green,0.3279,yellow,0.3238,red,0.3975,red,0.303,red,0.1747,yellow,0.0237,orange,0.7426,red,0.9873,green,0.6323,green,0.0937,red,0.6489,green
4209151,0.2724,red,0.523,red,0.4405,orange,0.0,red,0.6177,red,0.0878,orange,0.1448,orange,0.0165,green,0.1488,yellow,0.1533,green,0.0938,yellow,0.0597,yellow,0.0861,green,0.1694,orange,0.065,red,0.8028,green,0.1481,yellow,0.3989,yellow,0.2812,orange,0.4504,red,0.3783,orange,0.0,orange,0.5625,red,0.2035,orange,0.3638,red,0.2906,red,0.4634,orange,0.2202,orange,1.0,green,0.0061,yellow,0.0752,red,0.0136,green,0.6023,red,0.3848,red,0.6815,red,0.3015,red,0.2045,red,0.1897,orange,0.5166,red,0.0,red,0.8262,red,0.128,orange,0.0275,orange,0.5707,red,0.2958,red,0.9439,yellow,0.5468,green,0.2409,orange,0.0095,red,0.4119,green,0.3782,red,0.2763,orange,0.0222,red,0.0419,red
4209177,0.1017,green,0.2308,green,0.746,red,0.0,red,0.3172,green,0.1668,yellow,0.0747,red,0.0891,orange,0.0945,green,0.0192,orange,0.0,green,0.0,green,0.0,green,0.3853,green,0.0651,orange,0.3659,red,0.4436,red,0.3008,green,0.4858,red,0.0867,green,0.5145,red,0.0,orange,0.4,orange,0.2988,red,0.0,green,0.607,green,0.2885,yellow,0.6855,green,1.0,green,0.1016,orange,0.2687,green,0.0625,green,0.1409,green,0.7412,green,0.3445,orange,0.1064,orange,0.6432,green,0.4191,green,0.7841,orange,0.6983,orange,0.9482,green,0.1336,orange,0.0865,green,0.0207,green,0.1053,red,0.9293,yellow,0.3672,orange,0.2758,orange,0.1699,green,0.5283,yellow,0.6105,orange,0.1371,red,0.1287,orange,0.0339,red
4209201,0.0961,green,0.3208,yellow,0.5217,red,0.0,red,0.2737,green,0.2851,green,0.3964,green,0.1167,red,0.2116,orange,0.0256,yellow,0.1334,yellow,0.0,green,0.1042,yellow,0.6252,green,0.0374,red,0.2278,red,0.0624,green,0.8487,red,0.0901,green,0.4261,red,0.6127,red,0.0,orange,0.9505,red,0.3636,red,0.0,green,0.59,green,0.3664,orange,0.6171,green,1.0,green,0.0064,yellow,0.4338,green,0.5607,red,0.2108,yellow,0.6779,green,0.2162,green,0.0333,green,0.1707,red,0.1794,orange,0.7047,orange,0.7574,orange,0.9482,green,0.1019,orange,0.0642,yellow,0.1318,green,0.6271,green,0.9388,yellow,0.4245,orange,0.3845,red,0.0088,red,0.6691,orange,0.6822,yellow,0.3728,yellow,0.0716,red,0.0256,red
4209300,0.1876,yellow,0.3722,orange,0.3651,yellow,0.0127,red,0.4437,orange,0.1848,yellow,0.17,orange,0.0176,green,0.2793,orange,0.0299,yellow,0.187,orange,0.1768,orange,0.2269,orange,0.0889,red,0.2628,green,0.7421,green,0.2835,red,0.5504,red,0.4156,red,0.2006,yellow,0.4679,red,0.0664,orange,0.5124,red,0.2738,red,0.5495,red,0.0668,red,0.6636,red,0.2368,orange,0.8049,red,0.0035,green,0.0768,red,0.1666,orange,0.4655,red,0.4744,orange,0.4123,orange,0.1888,red,0.1247,red,0.1274,orange,0.7823,orange,0.7871,yellow,0.6536,red,0.0774,red,0.023,orange,0.7796,red,0.493,yellow,0.5977,red,0.4753,yellow,0.2464,orange,0.0149,orange,0.7584,red,0.9745,green,0.4495,yellow,0.1956,yellow,0.433,green
4209409,0.2554,red,0.3487,yellow,0.3244,yellow,0.009,red,0.6161,red,0.1217,orange,0.2697,green,0.0149,green,0.0625,green,0.001,red,0.2731,red,0.3256,red,0.325,red,0.0503,red,0.512,green,0.6253,orange,0.5121,red,0.4464,orange,0.3777,red,0.2001,yellow,0.3696,orange,0.093,red,0.3661,yellow,0.223,orange,0.7231,red,0.2918,red,0.6852,red,0.1345,red,0.785,red,0.0037,green,0.1634,orange,0.2202,orange,0.6564,red,0.5361,yellow,0.3571,orange,0.321,red,0.2055,red,0.2028,yellow,0.5913,red,0.7221,orange,0.8895,red,0.039,red,0.0201,red,0.7157,red,0.298,red,0.2493,red,0.5092,yellow,0.3227,red,0.0106,red,0.5662,yellow,0.8839,green,0.1965,red,0.2231,yellow,0.2495,yellow
4209458,0.2348,red,0.4317,red,0.2625,green,0.0,red,0.5265,red,0.267,green,0.4152,green,0.0946,red,0.1119,green,0.0166,orange,0.1897,orange,0.4549,red,0.2984,red,0.8752,green,0.0103,red,0.6492,yellow,0.3881,red,0.5624,red,0.3926,red,0.1552,green,0.1744,green,0.0,orange,0.1825,green,0.2943,red,0.812,red,0.6712,green,0.4121,orange,0.8961,green,1.0,green,0.1205,orange,0.4299,green,0.53,red,0.2361,yellow,0.6307,green,0.4121,orange,0.0436,green,0.46,yellow,0.3268,green,0.9616,green,0.7662,orange,0.9482,green,0.1046,orange,0.0469,yellow,0.2115,green,0.8615,green,0.9683,green,0.4276,orange,0.8102,red,0.0152,orange,0.6798,red,0.6847,yellow,0.1875,red,0.2721,green,0.0466,red
4209508,0.1558,green,0.3329,yellow,0.862,red,0.0,red,0.4784,orange,0.158,yellow,0.1685,orange,0.0162,green,0.3022,red,0.0072,red,0.0656,green,0.1046,yellow,0.0686,green,0.1527,orange,0.162,yellow,0.4852,red,0.0449,green,0.5579,red,0.139,green,0.4148,red,0.4037,orange,0.0,orange,0.3209,yellow,0.2559,orange,0.1883,yellow,0.4615,yellow,0.416,orange,0.1409,red,1.0,green,0.0052,yellow,0.1113,red,0.0559,green,0.2097,yellow,0.52,yellow,0.2823,yellow,0.0707,yellow,0.4986,yellow,0.1445,orange,0.8429,yellow,0.7604,orange,0.8965,orange,0.3818,green,0.2327,green,0.3349,yellow,0.598,green,0.8533,orange,0.385,orange,0.2164,yellow,0.0037,red,0.4698,yellow,0.8777,green,0.4383,yellow,0.128,orange,0.1361,orange
4209607,0.1432,green,0.2927,green,0.4135,orange,0.0,red,0.574,red,0.0838,orange,0.0961,red,0.0192,green,0.1661,yellow,0.0254,yellow,0.1033,yellow,0.0466,yellow,0.1094,yellow,0.1734,orange,0.1379,yellow,0.7159,yellow,0.2605,orange,0.3071,green,0.7117,red,0.3208,orange,0.4889,red,0.1209,red,0.4741,orange,0.2752,red,0.1663,yellow,0.355,orange,0.6434,red,0.2761,yellow,0.9396,orange,0.0025,green,0.2545,yellow,0.114,yellow,0.5711,red,0.4584,orange,0.3028,yellow,0.1901,red,0.3406,orange,0.1257,orange,0.8092,yellow,0.7448,orange,0.9321,yellow,0.1156,orange,0.0313,orange,0.5663,red,0.4378,yellow,0.7711,orange,0.1523,red,0.2503,orange,0.011,red,0.7106,red,0.5869,orange,0.3669,yellow,0.2345,yellow,0.0905,orange
4209706,0.1736,yellow,0.2191,green,0.2816,green,0.0,red,0.2625,green,0.2602,green,0.0916,red,0.0649,orange,0.259,orange,0.0769,green,0.459,red,0.2378,red,0.5463,red,0.1685,orange,0.0848,orange,0.7158,yellow,0.1193,yellow,0.4127,yellow,0.2272,yellow,0.1879,green,0.4307,orange,0.4052,red,0.5961,red,0.2125,orange,0.2081,orange,0.3216,orange,0.5085,red,0.1707,red,0.9887,orange,0.0019,green,0.0788,red,0.0328,green,0.4121,orange,0.2175,red,0.8511,red,0.1769,red,0.3836,yellow,0.4088,green,0.6722,red,0.7001,orange,0.9456,yellow,0.1033,orange,0.0409,orange,0.6554,red,0.1809,red,0.715,orange,0.6775,green,0.3495,red,0.1673,green,0.7081,red,0.718,yellow,0.2229,orange,0.1807,yellow,0.2145,yellow
4209805,0.1663,yellow,0.4093,orange,0.6554,red,0.0,red,0.3349,green,0.0853,orange,0.1536,orange,0.0742,orange,0.2195,orange,0.1476,green,0.0806,yellow,0.0,green,0.076,green,0.141,orange,0.0312,red,0.8766,green,0.9737,red,0.3605,green,0.1155,green,0.0735,green,0.3831,orange,0.5641,red,0.401,orange,0.3621,red,0.1982,orange,0.5276,green,0.4312,orange,0.4246,yellow,1.0,green,0.0,green,0.5015,green,0.0221,green,0.2715,yellow,0.5601,yellow,0.3547,orange,0.0463,green,0.3266,orange,0.1864,orange,0.4983,red,0.5051,red,0.6468,red,0.0,red,0.0166,red,0.3217,yellow,0.3112,red,0.96,green,0.4549,yellow,0.0951,green,0.0185,orange,0.516,yellow,0.2036,red,0.1244,red,0.0598,red,0.0771,red
4209854,0.5813,red,0.2248,green,0.6366,red,0.0,red,0.3853,yellow,0.0499,red,0.2626,yellow,0.0994,red,0.1878,yellow,0.0429,yellow,0.0603,green,0.0,green,0.051,green,0.2304,yellow,0.0629,red,0.3995,red,0.0709,green,0.5741,red,0.1146,green,0.4953,red,0.305,yellow,0.0,orange,0.2258,green,0.1687,yellow,0.0,green,0.6112,green,0.5689,red,0.3437,yellow,0.7148,red,0.0233,orange,0.0962,red,0.2175,orange,0.1674,green,0.816,green,0.3911,orange,0.0976,orange,0.5642,green,0.3402,green,0.8625,yellow,0.8015,yellow,0.9612,green,0.2287,yellow,0.2305,green,0.368,yellow,0.3568,orange,0.9632,green,0.4042,orange,0.2586,orange,0.0255,yellow,0.675,orange,0.511,orange,0.1939,red,0.1123,red,0.1397,orange
4209904,0.1683,yellow,0.255,green,0.3477,yellow,0.0322,red,0.3485,yellow,0.2468,green,0.0947,red,0.0554,orange,0.3182,red,0.0174,orange,0.0979,yellow,0.1447,orange,0.1336,yellow,0.1042,red,0.1738,yellow,0.5,red,0.0631,green,0.345,green,0.108,green,0.4415,red,0.3358,yellow,0.1497,red,0.4244,orange,0.1861,yellow,0.2063,orange,0.3766,orange,0.4505,orange,0.0939,red,1.0,green,0.0078,yellow,0.1393,orange,0.0605,green,0.328,orange,0.4216,orange,0.2653,yellow,0.0405,green,0.0598,red,0.111,red,0.4075,red,0.3234,red,0.7609,red,0.0771,red,0.0419,orange,0.6589,red,0.5946,green,0.6614,orange,0.3219,red,0.3238,red,0.0036,red,0.7001,red,0.7814,yellow,0.4303,yellow,0.1164,red,0.3688,green
4210001,0.1508,green,0.4569,red,0.5104,red,0.0,red,0.3673,yellow,0.145,yellow,0.1972,yellow,0.0342,yellow,0.4078,red,0.0324,yellow,0.1515,orange,0.173,orange,0.2047,orange,0.1902,orange,0.1338,orange,0.6614,yellow,0.178,orange,0.4107,yellow,0.5928,red,0.1659,green,0.4956,red,0.2785,red,0.4977,red,0.2978,red,0.3632,red,0.3078,orange,0.177,green,0.1952,orange,1.0,green,0.0854,orange,0.2178,yellow,0.2073,orange,0.2318,yellow,0.429,orange,0.4063,orange,0.168,red,0.4956,yellow,0.0966,red,0.6871,orange,0.7186,orange,0.9576,green,0.6379,green,0.0172,red,0.5033,orange,0.5404,yellow,0.8193,orange,0.3952,orange,0.2918,orange,0.0359,yellow,0.5074,yellow,0.2542,red,0.6943,green,0.217,yellow,0.0462,red
4210035,0.1708,yellow,0.3056,yellow,0.4175,orange,0.2116,red,0.2625,green,0.065,red,0.253,yellow,0.0323,yellow,0.1442,yellow,0.0195,orange,0.1466,orange,0.1245,orange,0.1228,yellow,0.2431,yellow,0.1838,yellow,0.1312,red,0.0796,green,0.4495,orange,0.2948,orange,0.4351,red,0.3215,yellow,0.0,orange,0.3955,orange,0.2072,orange,0.0,green,0.5602,green,0.5553,red,0.2626,yellow,0.926,orange,0.0392,orange,0.2334,yellow,0.0579,green,0.1809,green,0.8407,green,0.1346,green,0.0778,yellow,0.7975,green,0.0942,red,0.9097,green,0.9403,green,1.0,green,0.3366,green,0.045,yellow,0.0048,green,0.8169,green,0.9531,yellow,0.3443,red,0.2996,red,0.0419,yellow,0.6035,orange,0.8166,yellow,0.4632,yellow,0.2981,green,0.6512,green
4210050,0.1761,yellow,0.4615,red,0.2296,green,0.0,red,0.4155,yellow,0.1201,orange,0.5846,green,0.1305,red,0.2283,orange,0.1809,green,0.3465,red,0.2012,orange,0.3906,red,0.4897,green,0.0253,red,0.7848,green,0.0598,green,0.4946,orange,0.1489,green,0.1249,green,0.1919,green,0.0,orange,0.0,green,0.0,green,0.0,green,0.5311,green,0.3781,orange,0.78,green,1.0,green,0.0,green,0.5647,green,0.0732,yellow,0.4113,orange,0.5562,yellow,0.5421,red,0.0423,green,0.0357,red,0.1152,red,0.6713,red,0.6069,red,1.0,green,0.1372,orange,0.0062,red,0.5267,orange,0.1228,red,0.9532,yellow,0.7078,green,0.8635,red,0.037,yellow,0.3236,green,0.3128,red,0.2492,orange,0.1397,orange,0.0039,red
4210100,0.456,red,0.183,green,0.2995,green,0.0036,red,0.3569,yellow,0.2205,green,0.1058,red,0.0301,yellow,0.2798,orange,0.0234,orange,0.136,orange,0.0895,yellow,0.1636,yellow,0.0377,red,0.236,yellow,0.7125,yellow,0.1784,orange,0.4456,orange,0.3295,orange,0.2452,yellow,0.3067,yellow,0.0299,orange,0.3492,yellow,0.1461,yellow,0.135,yellow,0.3426,orange,0.4795,orange,0.1115,red,0.9271,orange,0.0086,yellow,0.0473,red,0.0661,yellow,0.1937,green,0.5139,yellow,0.3309,orange,0.1104,orange,0.2815,orange,0.2422,yellow,0.7654,orange,0.903,green,0.7996,red,0.1331,orange,0.0318,orange,0.1556,green,0.3815,orange,0.7593,orange,0.4208,orange,0.1594,green,0.0052,red,0.8443,red,0.8313,yellow,0.3693,yellow,0.1439,orange,0.4606,green
4210209,0.0838,green,0.3758,orange,0.1367,green,0.0,red,0.3988,yellow,0.1548,yellow,0.1146,red,0.031,yellow,0.1058,green,0.1719,green,0.0,green,0.0,green,0.0,green,0.5198,green,0.0247,red,0.8037,green,0.115,yellow,0.4064,yellow,0.1763,yellow,0.1974,green,0.533,red,0.88,red,0.6608,red,0.3167,red,0.195,orange,0.5811,green,0.4191,orange,0.2426,orange,1.0,green,0.028,orange,0.2839,green,0.1368,orange,0.5678,red,0.5454,yellow,0.4322,orange,0.0882,yellow,0.2486,red,0.2534,yellow,0.8223,yellow,0.4605,red,0.9002,orange,0.0322,red,0.0125,red,0.3208,yellow,0.0506,red,0.6426,red,0.5906,green,0.1718,yellow,0.0189,orange,0.735,red,0.2137,red,0.1751,red,0.4767,green,0.0504,red
4210308,0.2007,orange,0.0,green,0.2787,green,0.0,red,0.3265,green,0.074,red,0.0899,red,0.0714,orange,0.2895,orange,0.0637,green,0.2043,orange,0.1368,orange,0.2097,orange,0.1339,orange,0.0304,red,0.8615,green,0.2017,orange,0.3777,yellow,0.2093,yellow,0.3107,orange,0.1698,green,0.0,orange,0.1777,green,0.1328,green,0.0,green,0.3228,orange,0.5727,red,0.2294,orange,0.7103,red,0.0024,green,0.1188,red,0.025,green,0.1206,green,0.4255,orange,0.5366,red,0.0845,yellow,0.3504,orange,0.2999,green,0.664,red,0.751,orange,0.9689,green,0.2724,green,0.3135,green,0.2587,yellow,0.1652,red,0.6685,orange,0.5343,yellow,0.1116,green,0.0547,yellow,0.6642,orange,0.3176,red,0.1093,red,0.3855,green,0.0885,orange
4210407,0.9995,red,0.2538,green,0.3344,yellow,0.0,red,0.3702,yellow,0.1653,yellow,0.1123,red,0.0885,orange,0.0711,green,0.0022,red,0.1894,orange,0.1969,orange,0.2242,orange,0.3228,yellow,0.1235,orange,0.5553,orange,0.3938,red,0.3193,green,0.2825,orange,0.335,orange,0.2931,yellow,0.0,orange,0.2344,green,0.1471,yellow,0.4905,red,0.3926,orange,0.4571,orange,0.0947,red,0.238,red,0.0074,yellow,0.0744,red,0.0804,yellow,0.6541,red,0.4218,orange,0.3323,orange,0.1579,orange,0.648,green,0.183,orange,0.6961,orange,0.878,green,0.9741,green,0.5546,green,0.0288,orange,0.364,yellow,0.344,orange,0.9105,yellow,0.4678,yellow,0.4961,red,0.0078,red,0.6795,red,0.638,orange,0.3931,yellow,0.3049,green,0.0777,red
4210506,0.2848,red,0.4524,red,0.4606,orange,0.0,red,0.3851,yellow,0.1814,yellow,0.1463,orange,0.0171,green,0.2064,orange,0.0038,red,0.0646,green,0.0408,green,0.0818,green,0.2599,yellow,0.3148,green,0.5601,orange,0.2718,orange,0.4408,orange,0.3624,red,0.4141,red,0.2307,green,0.0546,orange,0.1994,green,0.1095,green,0.1531,yellow,0.5416,green,0.2793,yellow,0.2517,orange,0.9138,orange,0.6899,red,0.1263,red,0.5428,red,0.2914,yellow,0.5841,yellow,0.2228,green,0.0641,yellow,0.4707,yellow,0.1729,orange,0.7749,orange,0.8718,green,0.8965,orange,0.2146,yellow,0.0742,yellow,0.5245,orange,0.6363,green,0.8624,yellow,0.4197,orange,0.2754,orange,0.0254,yellow,0.7975,red,0.9399,green,0.6279,green,0.1418,orange,0.4274,green
4210555,0.2348,red,0.5399,red,1.0,red,0.0,red,0.7825,red,0.0229,red,0.1853,orange,0.1684,red,0.1776,yellow,0.0243,orange,0.1167,yellow,0.0,green,0.241,orange,0.6694,green,0.0259,red,0.4604,red,0.1484,yellow,0.3538,green,0.2579,orange,0.0,green,0.0,green,0.0,orange,0.0,green,0.0,green,0.37,red,0.8832,green,0.3731,orange,0.8413,green,0.8117,red,0.1511,orange,0.3207,green,0.6856,red,0.2517,yellow,0.8035,green,0.3417,orange,0.0,green,0.8843,green,0.3632,green,0.876,yellow,0.8077,yellow,0.9482,green,0.1372,yellow,0.1273,green,0.4707,orange,0.6573,green,0.9932,green,0.4527,yellow,0.1585,green,0.0375,yellow,0.5798,orange,0.4306,red,0.1716,red,0.2234,yellow,0.0707,red
4210605,0.1871,yellow,0.4567,red,0.421,orange,1.0,red,0.4232,orange,0.1457,yellow,0.1334,red,0.036,yellow,0.4049,red,0.0307,yellow,0.0572,green,0.0422,green,0.0554,green,0.1337,orange,0.222,yellow,0.6775,yellow,0.163,orange,0.3815,yellow,0.1179,green,0.3809,red,0.2195,green,0.0,orange,0.248,green,0.114,green,0.1488,yellow,0.656,green,0.2873,yellow,0.2275,orange,0.9217,orange,0.0239,orange,0.1475,orange,0.135,orange,0.083,green,0.6591,green,0.2093,green,0.0929,yellow,0.0662,red,0.0947,red,0.3222,red,0.6469,red,0.8512,red,0.0823,red,0.0587,yellow,0.1741,green,0.552,green,0.8149,orange,0.453,yellow,0.2727,orange,0.0159,orange,0.7966,red,0.3903,red,0.4985,yellow,0.1775,yellow,0.2399,yellow
4210704,0.1722,yellow,0.3321,yellow,0.7068,red,0.0,red,0.5202,red,0.0682,red,0.0387,red,0.1277,red,0.2802,orange,0.2122,green,0.1964,orange,0.0,green,0.2689,orange,0.3885,green,0.0177,red,0.5419,orange,0.099,yellow,0.5426,red,0.2069,yellow,0.2625,yellow,0.4347,orange,0.0,orange,0.5665,red,0.2431,orange,0.0,green,0.6339,green,0.4193,orange,0.5544,green,1.0,green,0.0027,green,0.3315,green,0.0,green,0.5821,red,0.2818,red,0.6929,red,0.0286,green,0.2382,red,0.4202,green,0.9415,green,0.7086,orange,0.7101,red,0.2113,yellow,0.1044,green,0.6139,red,0.1598,red,0.9309,yellow,0.4263,orange,0.1141,green,0.0092,red,0.5839,orange,0.5453,orange,0.225,orange,0.29,green,0.0324,red
4210803,0.139,green,0.4979,red,0.2362,green,0.0,red,0.4615,orange,0.2355,green,0.1747,orange,0.1042,red,0.0607,green,0.0066,red,0.0,green,0.0,green,0.0334,green,0.2965,yellow,0.1513,yellow,0.9119,green,0.0989,yellow,0.267,green,0.2487,orange,0.194,green,0.4298,orange,0.0,orange,0.4535,orange,0.2293,orange,0.1791,yellow,0.33,orange,0.3775,orange,0.1904,orange,0.9718,orange,0.0016,green,0.1249,red,0.1036,yellow,0.6469,red,0.7125,green,0.2375,green,0.1378,orange,0.7073,green,0.2422,yellow,0.8124,yellow,0.9109,green,0.9689,green,0.169,yellow,0.0364,orange,0.3125,yellow,0.5597,green,0.8262,orange,0.6213,green,0.3642,red,0.0503,yellow,0.2854,green,0.4469,orange,0.2827,orange,0.4137,green,0.2796,green
4210852,0.027,green,0.5186,red,0.7226,red,0.0,red,0.2439,green,0.0836,orange,0.2056,yellow,0.1544,red,0.194,yellow,0.2485,green,0.0,green,0.0,green,0.0,green,0.5004,green,0.0494,red,0.2662,red,0.1289,yellow,0.2383,green,0.2857,orange,0.0945,green,0.8272,red,0.0,orange,0.7272,red,0.3766,red,0.0,green,0.4938,yellow,0.6386,red,0.4911,green,0.8117,red,0.0029,green,0.2139,yellow,0.0821,yellow,0.1618,green,0.654,green,0.5172,red,0.0622,yellow,0.2809,orange,0.3615,green,0.7979,yellow,0.6225,red,0.6764,red,0.1019,orange,0.0701,yellow,0.0335,green,0.6313,green,0.9571,yellow,0.4639,yellow,0.3729,red,0.0106,red,0.3593,green,0.4363,red,0.3059,orange,0.377,green,0.0419,red
4210902,0.0993,green,0.2663,green,0.0732,green,0.0,red,0.3677,yellow,0.2045,green,0.1388,orange,0.0542,orange,0.207,orange,0.0142,orange,0.1719,orange,0.0875,yellow,0.169,yellow,0.4258,green,0.1151,orange,0.4482,red,0.1753,orange,0.6352,red,0.2938,orange,0.4328,red,0.5299,red,0.0,orange,0.7459,red,0.3332,red,0.3023,orange,0.4205,yellow,0.1564,green,0.3399,yellow,0.9331,orange,0.1415,orange,0.1124,red,0.3809,red,0.1844,green,0.5206,yellow,0.1975,green,0.0543,yellow,0.5358,green,0.2593,yellow,0.9025,green,0.8597,yellow,0.9223,yellow,0.4061,green,0.1789,green,0.5491,red,0.5577,green,0.9014,yellow,0.4849,yellow,0.1423,green,0.2251,green,0.596,orange,0.7172,yellow,0.364,yellow,0.2043,yellow,0.3475,green
4211009,0.1977,orange,0.5443,red,0.5151,red,0.0,red,0.3924,yellow,0.1037,orange,0.1459,orange,0.0466,yellow,0.3639,red,0.0151,orange,0.1987,orange,0.158,orange,0.2914,red,0.1565,orange,0.1605,yellow,0.3259,red,0.0477,green,0.4584,orange,0.0824,green,0.4149,red,0.5058,red,0.176,red,0.4264,orange,0.3186,red,0.1153,yellow,0.4872,yellow,0.1373,green,0.2092,orange,0.9704,orange,0.9093,red,0.1965,orange,0.0808,yellow,0.2044,green,0.6572,green,0.2258,green,0.0681,yellow,0.6701,green,0.1976,orange,0.7713,orange,0.766,orange,0.9556,green,0.4871,green,0.0573,yellow,0.2874,yellow,0.3016,red,0.6099,red,0.4001,orange,0.4787,red,0.155,green,0.6831,red,0.5914,orange,0.3711,yellow,0.085,red,0.1278,orange
4211058,0.1755,yellow,0.3782,orange,0.3655,yellow,0.0,red,0.3439,green,0.1547,yellow,0.0966,red,0.0192,green,0.1395,yellow,0.0112,orange,0.1809,orange,0.1904,orange,0.247,orange,0.0609,red,0.1219,orange,0.7472,green,0.1042,yellow,0.5251,red,0.195,yellow,0.1873,green,0.2501,green,0.0,orange,0.29,green,0.1812,yellow,0.32,red,0.4865,yellow,0.2119,green,0.1976,orange,0.996,orange,0.0032,green,0.2604,yellow,0.0745,yellow,0.4319,orange,0.3108,red,0.7056,red,0.0944,yellow,0.5128,yellow,0.3811,green,0.5141,red,0.678,red,0.9052,orange,0.1419,yellow,0.0349,orange,0.42,orange,0.3951,orange,0.644,red,0.5953,green,0.2424,orange,0.0153,orange,0.435,green,0.5594,orange,0.3084,orange,0.3084,green,0.1402,orange
4211108,0.712,red,0.3207,yellow,0.2341,green,0.0,red,0.1925,green,0.3517,green,0.0755,red,0.1203,red,0.4791,red,0.0957,green,0.1941,orange,0.1353,orange,0.2604,orange,0.1666,orange,0.2027,yellow,0.9307,green,0.4275,red,0.4683,orange,0.3931,red,0.1112,green,0.419,orange,0.0,orange,0.4692,orange,0.1893,yellow,0.1504,yellow,0.5137,green,0.6785,red,0.2138,orange,1.0,green,0.0052,yellow,0.4041,green,0.0717,yellow,0.5144,red,0.3331,red,0.5632,red,0.0994,orange,0.427,yellow,0.3923,green,0.6439,red,0.6742,red,0.8776,red,0.1119,orange,0.0352,orange,0.3208,yellow,0.1717,red,0.9472,yellow,0.5602,green,0.1091,green,0.0466,yellow,0.819,red,0.7004,yellow,0.1674,red,0.1407,orange,0.0708,red
4211207,0.1795,yellow,0.3718,orange,0.3432,yellow,0.011,red,0.4627,orange,0.0863,orange,0.1355,red,0.0112,green,0.2089,orange,0.0015,red,0.1013,yellow,0.1199,orange,0.1714,yellow,0.1684,orange,0.1767,yellow,0.6689,yellow,0.4393,red,0.3742,yellow,0.4467,red,0.3055,orange,0.4287,orange,0.0894,red,0.4401,orange,0.3026,red,0.2395,orange,0.3027,orange,0.4129,orange,0.1366,red,0.9888,orange,0.0016,green,0.3164,green,0.0755,yellow,0.3878,orange,0.3202,red,0.389,orange,0.2169,red,0.3197,orange,0.0793,red,0.8736,yellow,0.9294,green,0.9445,yellow,0.1044,orange,0.047,yellow,0.5399,orange,0.2945,red,0.8322,orange,0.1661,red,0.2806,orange,0.1222,green,0.4851,yellow,0.9684,green,0.6408,green,0.146,orange,0.3007,green
4211256,0.1286,green,0.327,yellow,0.4787,orange,0.0,red,0.3551,yellow,0.2718,green,0.0989,red,0.0728,orange,0.0968,green,0.163,green,0.0,green,0.0,green,0.0,green,0.4569,green,0.0375,red,0.7307,yellow,0.2305,orange,0.4142,yellow,0.2047,yellow,0.3204,orange,0.327,yellow,0.5641,red,0.3454,yellow,0.1723,yellow,0.2185,orange,0.4545,yellow,0.4459,orange,0.526,green,1.0,green,0.0024,green,0.4446,green,0.0459,green,0.4274,orange,0.5708,yellow,0.2736,yellow,0.1257,orange,0.6818,green,0.2386,yellow,0.9625,green,0.9241,green,0.9223,yellow,0.0034,red,0.1016,green,0.1961,green,0.3816,orange,0.9221,yellow,0.3672,orange,0.1062,green,0.0365,yellow,0.7688,red,0.6742,orange,0.3994,yellow,0.1799,yellow,0.019,red
4211306,0.1906,yellow,0.2851,green,0.4168,orange,0.0508,red,0.4225,orange,0.1253,orange,0.251,yellow,0.0101,green,0.1606,yellow,0.0007,red,0.3433,red,0.2988,red,0.4117,red,0.0945,red,0.3809,green,0.908,green,0.1637,orange,0.3631,yellow,0.2591,orange,0.1658,green,0.3799,orange,0.1831,red,0.4253,orange,0.1926,yellow,0.6877,red,0.1172,red,0.2032,green,0.1207,red,0.5171,red,0.4119,red,0.0872,red,0.1381,orange,0.4738,red,0.1441,red,0.3885,orange,0.4665,red,0.4217,yellow,0.1213,red,0.8517,yellow,0.7998,yellow,0.9241,yellow,0.2423,green,0.0751,yellow,0.4623,orange,0.6472,green,0.7815,orange,0.2183,red,0.2044,yellow,0.0111,red,0.6221,orange,0.9777,green,0.476,yellow,0.1448,orange,0.4268,green
4211405,0.9429,red,0.3987,orange,0.3824,yellow,0.0,red,0.2845,green,0.3779,green,0.1136,red,0.0603,orange,0.3024,red,0.0085,red,0.108,yellow,0.1385,orange,0.1844,orange,0.4339,green,0.1072,orange,0.6393,orange,0.1766,orange,0.4556,orange,0.2431,orange,0.13,green,0.3167,yellow,0.0,orange,0.2687,green,0.1602,yellow,0.2493,orange,0.2277,red,0.0994,green,0.3444,yellow,0.7979,red,0.5187,red,0.0816,red,0.5349,red,0.1913,green,0.5792,yellow,0.2392,green,0.2332,red,0.6336,green,0.3186,green,0.986,green,0.8794,green,0.9482,green,0.2597,green,0.1215,green,0.26,yellow,0.56,green,0.776,orange,0.6147,green,0.1249,green,0.2222,green,0.6036,orange,0.7396,yellow,0.4168,yellow,0.1506,orange,0.1213,orange
4211454,0.1658,yellow,0.4547,red,0.5945,red,0.0,red,0.4458,orange,0.1745,yellow,0.2775,green,0.0826,orange,0.3453,red,0.0283,yellow,0.2346,red,0.1649,orange,0.3222,red,0.3297,green,0.267,green,0.6072,orange,0.2184,orange,0.4212,yellow,0.2389,orange,0.3138,orange,0.2393,green,0.0,orange,0.38,orange,0.1335,green,0.4182,red,0.6589,green,0.1318,green,0.3686,yellow,1.0,green,0.2102,red,0.1033,red,0.3298,red,0.2877,yellow,0.6211,green,0.3441,orange,0.0485,green,0.6418,green,0.3192,green,0.7893,orange,0.7442,orange,0.9379,yellow,0.2033,yellow,0.0173,red,0.2627,yellow,0.2473,red,0.9344,yellow,0.6809,green,0.4836,red,0.0455,yellow,0.3476,green,0.2699,red,0.1942,red,0.2162,yellow,0.0765,red
4211504,0.1632,yellow,0.3911,orange,0.6307,red,0.0,red,0.3968,yellow,0.184,yellow,0.2347,yellow,0.0115,green,0.1413,yellow,0.0558,green,0.0661,green,0.0,green,0.0829,green,0.1584,orange,0.18,yellow,0.6268,orange,0.157,orange,0.5043,orange,0.0635,green,0.2295,yellow,0.2869,yellow,0.0,orange,0.3003,yellow,0.1835,yellow,0.044,yellow,0.6166,green,0.3037,yellow,0.3313,yellow,1.0,green,0.1495,orange,0.2189,yellow,0.3752,red,0.3231,orange,0.6068,yellow,0.2169,green,0.2004,red,0.626,green,0.2419,yellow,0.692,orange,0.6719,red,0.9223,yellow,0.1344,orange,0.0843,green,0.1807,green,0.4816,yellow,0.6971,orange,0.5776,green,0.1882,yellow,0.0315,yellow,0.5736,orange,0.7328,yellow,0.7437,green,0.243,yellow,0.1232,orange
4211603,0.2036,orange,0.4138,orange,0.4176,orange,0.0,red,0.4673,orange,0.1005,orange,0.1201,red,0.0377,yellow,0.1155,green,0.0226,orange,0.1051,yellow,0.0968,yellow,0.1261,yellow,0.1141,red,0.191,yellow,0.6316,orange,0.1576,orange,0.3282,green,0.9265,red,0.4258,red,0.21,green,0.0,orange,0.2963,yellow,0.1815,yellow,0.2937,orange,0.3751,orange,0.1927,green,0.18,orange,0.9402,orange,0.0024,green,0.2122,yellow,0.1021,yellow,0.4222,orange,0.6131,yellow,0.2264,green,0.1175,orange,0.3659,orange,0.1948,orange,0.9429,green,0.935,green,0.9172,orange,0.1016,orange,0.0243,orange,0.1322,green,0.4878,yellow,0.6122,red,0.3354,red,0.1593,green,0.0203,orange,0.9259,red,0.802,yellow,0.8877,green,0.0172,red,0.1503,yellow
4211652,0.1957,orange,0.3443,yellow,0.3572,yellow,0.0773,red,0.4942,red,0.0406,red,0.0908,red,0.0851,orange,0.1623,yellow,0.0367,yellow,0.0905,yellow,0.2746,red,0.3574,red,0.2371,yellow,0.0721,orange,0.6435,yellow,0.1937,orange,0.3907,yellow,0.2739,orange,0.0895,green,0.4275,orange,0.0,orange,0.4474,orange,0.5842,red,0.0,green,0.468,yellow,0.2391,green,0.5105,green,0.8117,red,0.1775,orange,0.2293,yellow,0.156,orange,0.0456,green,0.495,orange,0.5295,red,0.0896,yellow,0.6721,green,0.3731,green,0.8855,yellow,0.8789,green,1.0,green,0.0231,red,0.0815,green,0.2737,yellow,0.2146,red,0.9818,green,0.3892,orange,0.4581,red,0.1968,green,0.7142,red,0.3631,red,0.209,orange,0.1043,red,0.0298,red
4211702,0.2276,orange,0.3371,yellow,0.4464,orange,0.0518,red,0.3579,yellow,0.1101,orange,0.2025,yellow,0.0298,yellow,0.1921,yellow,0.0348,yellow,0.0944,yellow,0.0792,yellow,0.0922,green,0.1243,red,0.2514,green,0.8674,green,0.2527,orange,0.4751,orange,0.3258,orange,0.2799,orange,0.2611,green,0.1396,red,0.2782,green,0.1449,yellow,0.3015,orange,0.4115,orange,0.4796,orange,0.2343,orange,1.0,green,0.0051,yellow,0.2866,green,0.1611,orange,0.2568,yellow,0.4958,orange,0.2956,yellow,0.1358,orange,0.1475,red,0.1197,red,0.8794,yellow,0.898,green,0.8838,red,0.0532,red,0.6088,green,0.4478,orange,0.4663,yellow,0.4313,red,0.3726,orange,0.1778,yellow,0.0285,yellow,0.6642,orange,0.909,green,0.5584,green,0.179,yellow,0.6347,green
4211751,0.195,orange,0.2454,green,0.4719,orange,0.0,red,0.3605,yellow,0.0892,orange,0.1302,red,0.0505,yellow,0.2318,orange,0.0339,yellow,0.1111,yellow,0.0997,yellow,0.1947,orange,0.1792,orange,0.2367,yellow,0.598,orange,0.1373,yellow,0.3784,yellow,0.2069,yellow,0.2535,yellow,0.4704,red,0.0,orange,0.4901,red,0.2453,orange,0.1718,yellow,0.2047,red,0.3919,orange,0.1688,red,0.9327,orange,0.0041,green,0.1972,yellow,0.0576,green,0.64,red,0.3741,red,0.4835,red,0.0533,yellow,0.3112,orange,0.1291,orange,0.8602,yellow,0.7515,orange,0.8533,red,0.1322,orange,0.0244,orange,0.4495,orange,0.4852,yellow,0.624,red,0.1419,red,0.2903,orange,0.0739,green,0.7024,red,0.9629,green,0.5189,green,0.1399,orange,0.1589,yellow
4211801,0.2014,orange,0.2453,green,0.6955,red,0.0,red,0.4256,orange,0.0454,red,0.2336,yellow,0.0779,orange,0.2578,orange,0.0256,yellow,0.0,green,0.0,green,0.0321,green,0.1647,orange,0.1088,orange,0.4361,red,0.1306,yellow,0.6465,red,0.7387,red,0.2193,yellow,0.1487,green,0.0,orange,0.2204,green,0.1163,green,0.0,green,0.3391,orange,0.2463,yellow,0.1943,orange,0.4782,red,0.0342,orange,0.1311,orange,0.1366,orange,0.5693,red,0.7156,green,0.2799,yellow,0.0721,yellow,0.2455,red,0.165,orange,0.8189,yellow,0.845,yellow,0.9556,green,0.1421,yellow,0.0056,red,0.3865,orange,0.5839,green,0.3797,red,0.4842,yellow,0.2377,orange,0.0948,green,0.3433,green,0.6729,orange,0.178,red,0.1872,yellow,0.1771,yellow
4211850,0.3688,red,0.3186,yellow,0.6802,red,0.0,red,0.3135,green,0.1326,yellow,0.2096,yellow,0.0786,orange,0.0525,green,0.0274,yellow,0.3082,red,0.1596,orange,0.3137,red,0.53,green,0.0306,red,0.6807,yellow,0.2715,orange,0.663,red,0.5943,red,0.2019,yellow,0.6921,red,0.0,orange,0.9605,red,0.4339,red,0.0,green,0.4556,yellow,0.2569,yellow,0.5896,green,0.8117,red,0.0502,orange,0.2718,green,0.1806,orange,0.3517,orange,0.4076,red,0.5548,red,0.1698,red,0.5854,green,0.3366,green,0.7758,orange,0.8145,yellow,0.9482,green,0.193,yellow,0.0736,yellow,0.4187,orange,0.2058,red,0.888,yellow,0.3884,orange,0.3911,red,0.0397,yellow,0.8781,red,0.4251,red,0.1704,red,0.2833,green,0.0409,red
4211876,0.1663,yellow,0.4272,red,0.7704,red,0.0,red,0.6365,red,0.1428,yellow,0.1859,yellow,0.0805,orange,0.2737,orange,0.051,green,0.1491,orange,0.2473,red,0.3116,red,0.5673,green,0.0354,red,0.5832,orange,0.4752,red,0.4163,yellow,0.1387,green,0.4614,red,0.1919,green,0.0,orange,0.2008,green,0.15,yellow,0.0,green,0.605,green,0.3841,orange,0.8758,green,0.8117,red,0.0392,orange,0.3908,green,0.5123,red,0.422,orange,0.5049,orange,0.3442,orange,0.0487,green,0.6529,green,0.2918,green,0.7801,orange,0.663,red,0.9482,green,0.1235,orange,0.0494,yellow,0.1988,green,0.2573,red,0.9873,green,0.4379,yellow,1.0,red,0.0248,orange,0.2548,green,0.1211,red,0.16,red,0.0801,red,0.476,green
4211892,0.1601,green,0.3213,yellow,0.5981,red,0.0,red,0.5929,red,0.4173,green,0.2159,yellow,0.3487,red,0.0837,green,0.7068,green,0.3473,red,0.1518,orange,0.3042,red,0.2557,yellow,0.0783,orange,0.7884,green,0.081,green,0.4333,orange,0.1776,yellow,0.1915,green,0.1535,green,0.0,orange,0.1606,green,0.12,green,0.5302,red,0.2877,red,0.6577,red,0.4964,green,1.0,green,0.0049,green,0.2568,yellow,0.0281,green,0.3674,orange,0.4899,orange,0.7256,red,0.0339,green,0.1997,red,0.0345,red,0.7133,orange,0.9056,green,0.6376,red,0.0814,red,0.1314,green,0.8427,red,0.3091,red,0.743,orange,0.7002,green,0.0,green,0.0148,orange,0.4826,yellow,0.4347,red,0.2462,orange,0.5892,green,0.0259,red
4211900,0.232,orange,0.3572,orange,0.4167,orange,0.0323,red,0.4546,orange,0.0564,red,0.2702,green,0.0044,green,0.0603,green,0.0024,red,0.2295,red,0.2647,red,0.2731,red,0.0649,red,0.52,green,0.645,yellow,0.066,green,0.4116,yellow,0.2528,orange,0.1977,green,0.3063,yellow,0.07,orange,0.3317,yellow,0.1724,yellow,0.5412,red,0.0972,red,0.23,green,0.0814,red,0.699,red,0.2314,red,0.0212,red,0.1686,orange,0.4632,red,0.2447,red,0.2802,yellow,0.3536,red,0.3147,orange,0.0966,red,0.8219,yellow,0.6969,orange,0.8739,red,0.1077,orange,0.0562,yellow,0.9176,red,0.2986,red,0.5204,red,0.5161,yellow,0.1854,yellow,0.0107,red,0.6265,orange,0.904,green,0.4008,yellow,0.2454,yellow,0.2889,green
4212007,0.6079,red,0.3178,yellow,0.3992,yellow,0.0,red,0.2377,green,0.1468,yellow,0.2698,green,0.052,yellow,0.0918,green,0.0329,yellow,0.2002,orange,0.1889,orange,0.3095,red,0.1639,orange,0.1181,orange,0.8593,green,0.2251,orange,0.4878,orange,0.2025,yellow,0.3665,red,0.5167,red,0.2115,red,0.546,red,0.2631,red,0.1666,yellow,0.3944,orange,0.2987,yellow,0.2751,yellow,1.0,green,0.1779,orange,0.1319,orange,0.6879,red,0.2233,yellow,0.3936,red,0.5141,red,0.0098,green,0.1665,red,0.2612,yellow,0.7823,orange,0.8221,yellow,0.9223,yellow,0.3126,green,0.0391,orange,0.3372,yellow,0.4173,orange,0.8803,yellow,0.302,red,0.4311,red,0.337,green,0.6744,orange,0.7834,yellow,0.3474,orange,0.0779,red,0.1168,orange
4212056,0.3618,red,0.0619,green,0.4878,orange,0.0,red,0.3245,green,0.2124,green,0.2071,yellow,0.1416,red,0.3193,red,0.0918,green,0.0,green,0.1385,orange,0.0908,green,0.376,green,0.0397,red,0.7491,green,0.3077,red,0.6508,red,0.1978,yellow,0.1004,green,0.5942,red,0.0,orange,0.7185,red,0.3812,red,0.0,green,0.2977,red,0.6965,red,0.3937,yellow,1.0,green,0.0043,green,1.0,green,0.0759,yellow,0.5976,red,0.4218,orange,0.3559,orange,0.0851,yellow,0.0677,red,0.4966,green,0.9198,green,0.7604,orange,0.635,red,0.0762,red,0.0086,red,0.9489,red,0.375,orange,0.8942,yellow,0.3573,orange,0.1156,green,0.0441,yellow,0.6299,orange,0.4715,orange,0.478,yellow,0.1279,orange,0.4245,green
4212106,0.1667,yellow,0.4963,red,0.4503,orange,0.0,red,0.2911,green,0.1487,yellow,0.2316,yellow,0.0817,orange,0.4279,red,0.0129,orange,0.1707,orange,0.1554,orange,0.2048,orange,0.1789,orange,0.1748,yellow,0.5885,orange,0.0866,green,0.4561,orange,0.1247,green,0.4651,red,0.3187,yellow,0.1272,red,0.3286,yellow,0.2155,orange,0.1556,yellow,0.4122,yellow,0.45,orange,0.131,red,0.9322,orange,0.6431,red,0.1299,orange,0.315,red,0.2088,yellow,0.6901,green,0.2125,green,0.1166,orange,0.5735,green,0.2046,yellow,0.713,orange,0.85,yellow,0.9642,green,0.147,yellow,0.0509,yellow,0.4275,orange,0.404,orange,0.7456,orange,0.3165,red,0.271,orange,0.2215,green,0.6875,red,0.6304,orange,0.4447,yellow,0.1212,orange,0.2606,yellow
4212205,0.3515,red,0.6668,red,0.4244,orange,0.0,red,0.2458,green,0.1288,yellow,0.1979,yellow,0.0607,orange,0.3295,red,0.0454,yellow,0.2117,red,0.2424,red,0.2686,orange,0.0882,red,0.1214,orange,0.8612,green,0.1609,orange,0.4114,yellow,0.2327,yellow,0.2657,yellow,0.4663,red,0.0769,orange,0.5153,red,0.2461,orange,0.0,green,0.4542,yellow,0.4388,orange,0.1697,red,0.8541,orange,0.0047,green,0.0841,red,0.0626,yellow,0.0638,green,0.3568,red,0.4237,orange,0.0858,yellow,0.219,red,0.1818,orange,0.7629,orange,0.8177,yellow,0.3614,red,0.1151,orange,0.0345,orange,0.2768,yellow,0.2195,red,0.7106,orange,0.4662,yellow,0.1871,yellow,0.043,yellow,0.5334,yellow,0.4431,orange,0.3014,orange,0.1897,yellow,0.2083,yellow
4212239,0.2225,orange,0.4732,red,0.5384,red,0.0,red,0.441,orange,0.0906,orange,0.1997,yellow,0.0904,red,0.2037,yellow,0.0355,yellow,0.0,green,0.0972,yellow,0.1886,orange,0.268,yellow,0.0585,red,0.6423,yellow,0.1165,yellow,0.638,red,0.1179,green,0.4483,red,0.7328,red,0.0,orange,0.8426,red,0.4997,red,0.1875,yellow,0.5885,green,0.5469,red,0.4405,green,1.0,green,0.093,orange,0.2085,yellow,0.1841,orange,0.211,yellow,0.6411,green,0.4353,orange,0.0514,yellow,0.276,orange,0.0352,red,0.5977,red,0.7289,orange,0.8913,red,0.1339,orange,0.0091,red,0.3755,yellow,0.4165,orange,0.9752,green,0.5135,yellow,0.4847,red,0.0115,red,0.6265,orange,0.3366,red,0.2304,orange,0.1498,orange,0.0126,red
4212254,0.1334,green,0.2719,green,0.2548,green,0.0,red,0.6048,red,0.0838,orange,0.3657,green,0.0167,green,0.0847,green,0.003,red,0.3426,red,0.3378,red,0.3516,red,0.2149,yellow,0.3157,green,0.932,green,1.0,red,0.3915,yellow,0.5484,red,0.3168,orange,0.495,red,0.0,orange,0.548,red,0.3974,red,0.3859,red,0.2646,red,0.1547,green,0.1527,red,0.8963,orange,0.014,yellow,0.0793,red,0.3076,red,0.5452,red,0.2865,red,0.2723,yellow,0.2962,red,0.4352,yellow,0.0843,red,0.827,yellow,0.9388,green,0.9112,orange,0.6442,green,0.2303,green,1.0,red,0.3314,orange,0.8582,orange,0.7282,green,0.1716,yellow,0.0088,red,0.5683,yellow,0.7361,yellow,0.1276,red,0.3897,green,0.1243,orange
4212270,0.2155,orange,0.3985,orange,0.2573,green,0.0,red,0.547,red,0.0594,red,0.1033,red,0.154,red,0.2118,orange,0.1702,green,0.2342,red,0.2616,red,0.3401,red,0.2727,yellow,0.0417,red,0.6562,yellow,0.7926,red,0.8022,red,0.5345,red,0.3414,orange,0.3779,orange,0.0,orange,0.606,red,0.2419,orange,0.1562,yellow,0.3778,orange,0.2384,green,0.4421,green,1.0,green,0.0264,orange,0.3375,green,0.1119,yellow,0.1263,green,0.2441,red,0.5731,red,0.0186,green,0.4336,yellow,0.4248,green,0.6886,orange,0.6804,red,0.7437,red,0.2458,green,0.0113,red,0.6734,red,0.3052,red,0.9488,yellow,0.5643,green,0.2042,yellow,0.1616,green,0.5658,yellow,0.3253,red,0.336,orange,0.0997,red,0.2542,yellow
4212304,0.4893,red,0.3267,yellow,0.7436,red,0.0,red,0.5256,red,0.2764,green,0.2715,green,0.0298,yellow,0.0085,green,0.1127,green,0.0,green,0.0,green,0.0,green,0.1821,orange,0.1699,yellow,0.7214,yellow,0.149,yellow,0.2296,green,0.2111,yellow,0.2352,yellow,0.1919,green,0.0,orange,0.2335,green,0.0832,green,0.0841,yellow,0.4787,yellow,0.3596,yellow,0.2434,orange,0.9019,orange,0.0625,orange,0.1195,red,0.0508,green,0.515,red,0.4523,orange,0.2961,yellow,0.2595,red,0.2293,red,0.2066,yellow,0.6541,red,0.7189,orange,0.8292,red,0.2736,green,0.0199,red,0.8431,red,0.2963,red,0.9224,yellow,0.328,red,0.2411,orange,0.008,red,0.6192,orange,0.6327,orange,0.3627,yellow,0.1455,orange,0.1592,yellow
4212403,0.2113,orange,0.4267,red,0.4594,orange,0.0,red,0.2843,green,0.1041,orange,0.1061,red,0.0509,yellow,0.2033,yellow,0.0504,green,0.0613,green,0.0,green,0.1168,yellow,0.6038,green,0.0416,red,0.3502,red,0.4742,red,0.5521,red,0.0429,green,0.4963,red,0.1862,green,0.0,orange,0.3189,yellow,0.0,green,0.0,green,0.0883,red,0.4981,red,0.2769,yellow,0.9939,orange,0.0043,green,0.4768,green,0.0491,green,0.6944,red,0.6833,green,0.1354,green,0.0919,yellow,0.1715,red,0.3008,green,0.7756,orange,0.7021,orange,0.9334,yellow,0.0194,red,0.194,green,0.4504,orange,0.3575,orange,0.9755,green,0.4448,yellow,0.3706,red,0.0316,yellow,0.3493,green,0.33,red,0.4953,yellow,0.198,yellow,0.4041,green
4212502,0.186,yellow,0.3053,yellow,0.305,green,0.0061,red,0.4347,orange,0.131,yellow,0.3035,green,0.0058,green,0.2433,orange,0.0014,red,0.228,red,0.1593,orange,0.2387,orange,0.1081,red,0.5454,green,0.6771,yellow,0.3037,red,0.3461,green,0.5279,red,0.2415,yellow,0.2203,green,0.1009,red,0.2188,green,0.1081,green,0.3117,orange,0.2112,red,0.4483,orange,0.1387,red,0.7188,red,0.3226,red,0.1584,orange,0.1328,orange,0.5085,red,0.3875,red,0.3298,orange,0.2882,red,0.3435,orange,0.0974,red,0.5482,red,0.6733,red,0.8233,red,0.1166,orange,0.0469,yellow,0.346,yellow,0.4814,yellow,0.905,yellow,0.427,orange,0.2328,yellow,0.007,red,0.5143,yellow,0.9327,green,0.3663,yellow,0.234,yellow,0.1096,orange
4212601,0.2348,red,0.5365,red,0.1385,green,0.0712,red,0.4074,yellow,0.0647,red,0.2557,yellow,0.088,orange,0.4294,red,0.0356,yellow,0.0,green,0.0,green,0.0,green,0.5558,green,0.0715,orange,0.0,red,0.079,green,0.7383,red,0.1012,green,0.0829,green,0.101,green,0.0,orange,0.1057,green,0.0,green,0.0,green,0.4667,yellow,0.5963,red,0.4722,green,1.0,green,0.1631,orange,0.1941,orange,0.2518,red,0.1636,green,1.0,green,0.0723,green,0.0,green,0.8843,green,0.1806,orange,0.9641,green,0.8412,yellow,0.9482,green,0.1587,yellow,0.0707,yellow,0.2292,green,1.0,green,0.9797,green,0.3278,red,0.2026,yellow,0.0406,yellow,0.4768,yellow,0.6573,orange,0.2964,orange,0.1536,orange,0.2059,yellow
4212650,0.1637,yellow,0.2684,green,0.2588,green,0.0,red,0.4797,orange,0.1289,yellow,0.1546,orange,0.0053,green,0.0553,green,0.0034,red,0.0,green,0.0,green,0.0,green,0.0391,red,0.1371,yellow,0.9767,green,0.3864,red,0.4832,orange,0.8593,red,0.1832,green,0.2963,yellow,0.0,orange,0.2919,green,0.0892,green,0.3157,orange,0.5936,green,0.3434,yellow,0.1069,red,0.8528,orange,0.0039,green,0.2369,yellow,0.1052,yellow,0.5537,red,0.5438,yellow,0.3088,yellow,0.0732,yellow,0.0988,red,0.1351,orange,0.417,red,0.5592,red,0.9252,yellow,0.0107,red,0.0083,red,0.5906,red,0.3941,orange,0.521,red,0.7062,green,0.1756,yellow,0.0091,red,0.6177,orange,0.2111,red,0.0,red,0.557,green,0.1151,orange
4212700,0.1708,yellow,0.4553,red,0.5919,red,0.0,red,0.594,red,0.0887,orange,0.0931,red,0.1062,red,0.7219,red,0.0553,green,0.0469,green,0.0,green,0.0399,green,0.0521,red,0.064,red,0.3724,red,0.4482,red,0.2236,green,0.5436,red,0.5277,red,0.2791,yellow,0.0,orange,0.4073,orange,0.0911,green,0.3023,orange,0.4972,yellow,0.5836,red,0.2543,yellow,1.0,green,0.0065,yellow,0.1708,orange,0.0438,green,0.0427,green,0.533,yellow,0.2443,green,0.1182,orange,0.089,red,0.3384,green,0.7934,yellow,0.6463,red,0.9068,orange,0.0225,red,0.2188,green,0.3689,yellow,0.4217,orange,0.92,yellow,0.5911,green,0.2514,orange,0.0376,yellow,0.7007,red,0.2926,red,0.2039,red,0.0571,red,0.1163,orange
4212809,0.2101,orange,0.2672,green,0.4976,orange,0.0234,red,0.4148,yellow,0.1165,orange,0.3643,green,0.0219,green,0.3825,red,0.0027,red,0.3735,red,0.2686,red,0.4497,red,0.2201,yellow,0.6381,green,0.7966,green,0.1089,yellow,0.3043,green,0.461,red,0.2044,yellow,0.2798,yellow,0.057,orange,0.3121,yellow,0.117,green,0.6188,red,0.3564,orange,0.4951,red,0.3222,yellow,1.0,green,0.3615,red,0.1443,orange,0.2166,orange,0.3107,orange,0.2687,red,0.3632,orange,0.465,red,0.4409,yellow,0.1431,orange,0.6868,orange,0.7289,orange,0.9283,yellow,0.2181,yellow,0.0965,green,0.4526,orange,0.5978,green,0.9205,yellow,0.4231,orange,0.2908,orange,0.0076,red,0.2882,green,0.984,green,0.3247,orange,0.2969,green,0.1802,yellow
4212908,0.3316,red,0.3155,yellow,0.4756,orange,0.0093,red,0.3193,green,0.2393,green,0.2006,yellow,0.0228,green,0.2769,orange,0.0035,red,0.0977,yellow,0.0512,yellow,0.1252,yellow,0.1224,red,0.3256,green,0.4207,red,0.1268,yellow,0.4472,orange,0.2542,orange,0.2937,orange,0.2584,green,0.0818,orange,0.2839,green,0.1341,green,0.218,orange,0.5871,green,0.0553,green,0.2221,orange,0.9396,orange,0.5702,red,0.1313,orange,0.4762,red,0.1158,green,0.5021,orange,0.2181,green,0.0613,yellow,0.5757,green,0.1373,orange,0.9063,green,0.9074,green,0.8925,red,0.3317,green,0.1981,green,0.3799,yellow,0.6291,green,0.5371,red,0.2784,red,0.2528,orange,0.0498,yellow,0.734,red,0.9223,green,0.6396,green,0.1097,red,0.5657,green
4213005,0.2083,orange,0.3051,yellow,0.2781,green,0.0,red,0.5174,red,0.1227,orange,0.1513,orange,0.0437,yellow,0.2177,orange,0.0124,orange,0.0,green,0.1028,yellow,0.0675,green,0.3913,green,0.0616,red,0.4725,red,0.3073,red,0.6426,red,0.2149,yellow,0.3146,orange,0.1037,green,0.0,orange,0.1958,green,0.0811,green,0.0,green,0.51,green,0.2497,yellow,0.4416,green,1.0,green,0.001,green,0.1462,orange,0.1516,orange,0.044,green,0.4266,orange,0.4631,red,0.147,orange,0.1032,red,0.4493,green,0.951,green,0.8777,green,0.9223,yellow,0.3082,green,0.1161,green,0.4813,orange,0.3403,orange,0.8812,yellow,0.3159,red,0.2534,orange,0.0347,yellow,0.6531,orange,0.7286,yellow,0.7635,green,0.0592,red,0.1874,yellow
4213104,0.123,green,0.263,green,0.0208,green,0.0,red,0.2276,green,0.0323,red,0.3941,green,0.0665,orange,0.2726,orange,0.0301,yellow,0.2325,red,0.1783,orange,0.1714,yellow,0.6366,green,0.1777,yellow,0.7349,yellow,0.3359,red,0.8471,red,0.0971,green,0.2684,yellow,0.5938,red,0.2973,red,0.7675,red,0.4261,red,0.3072,orange,0.2013,red,0.5599,red,0.6609,green,0.9701,orange,0.1416,orange,0.1035,red,0.2038,orange,0.3034,orange,0.6091,yellow,0.2592,yellow,0.0561,yellow,0.6012,green,0.4068,green,0.8801,yellow,0.9144,green,0.9741,green,0.1614,yellow,0.1606,green,0.1119,green,0.6164,green,0.9669,green,0.1968,red,0.2602,orange,0.0383,yellow,0.5756,orange,0.851,yellow,0.6274,green,0.0631,red,0.0744,red
4213153,0.1094,green,0.3236,yellow,0.5295,red,0.0,red,0.1656,green,0.2476,green,0.1965,yellow,0.0469,yellow,0.261,orange,0.0205,orange,0.2478,red,0.2499,red,0.2456,orange,0.35,green,0.053,red,0.5408,orange,0.1113,yellow,0.4499,orange,0.064,green,0.326,orange,0.4425,red,0.0,orange,0.3483,yellow,0.1791,yellow,0.2168,orange,0.5935,green,0.4081,orange,0.4723,green,1.0,green,0.1634,orange,0.1924,orange,0.5038,red,0.4129,orange,0.5301,yellow,0.3213,yellow,0.1538,orange,0.3212,orange,0.2715,yellow,0.9557,green,0.8759,green,0.9223,yellow,0.2155,yellow,0.2625,green,0.1164,green,0.4044,orange,0.9646,green,0.5333,yellow,0.5396,red,0.0538,yellow,0.2939,green,0.6583,orange,0.2549,orange,0.1229,orange,0.1421,orange
4213203,0.2034,orange,0.3474,yellow,0.4358,orange,0.0,red,0.3718,yellow,0.0986,orange,0.1038,red,0.0095,green,0.1583,yellow,0.0108,red,0.0675,green,0.0214,green,0.0864,green,0.1499,orange,0.2639,green,0.4396,red,0.139,yellow,0.3362,green,0.1359,green,0.2766,orange,0.4098,orange,0.113,red,0.4706,orange,0.253,orange,0.3189,orange,0.5242,green,0.3069,yellow,0.2092,orange,0.8675,orange,0.0433,orange,0.1243,red,0.0729,yellow,0.1811,green,0.6403,green,0.1485,green,0.0871,yellow,0.4973,yellow,0.2359,yellow,0.6728,red,0.8977,green,0.9325,yellow,0.1133,orange,0.058,yellow,0.0159,green,0.6134,green,0.5966,red,0.2409,red,0.2985,red,0.016,orange,0.6627,orange,0.816,yellow,0.766,green,0.1434,orange,0.4793,green
4213302,0.1762,yellow,0.2887,green,0.3389,yellow,0.0,red,0.2843,green,0.4604,green,0.0702,red,0.1169,red,0.204,yellow,0.1262,green,0.3051,red,0.0,green,0.2995,red,0.138,orange,0.1302,orange,0.7084,yellow,0.1328,yellow,0.3378,green,0.4749,red,0.4473,red,0.5422,red,0.275,red,0.5016,red,0.2589,orange,0.1322,yellow,0.2308,red,0.3791,orange,0.3139,yellow,1.0,green,0.005,yellow,0.246,yellow,0.0287,green,0.6628,red,0.3433,red,0.8222,red,0.0326,green,0.3042,orange,0.0,red,0.7489,orange,0.7468,orange,0.5618,red,0.2954,green,0.0258,orange,0.7307,red,0.3114,red,0.8487,orange,0.5884,green,0.1867,yellow,0.0446,yellow,0.5091,yellow,0.8937,green,0.2401,orange,0.1853,yellow,0.0724,red
4213351,0.1689,yellow,0.3962,orange,0.1049,green,0.0,red,0.346,green,0.0788,orange,0.0897,red,0.1467,red,0.5066,red,0.1179,green,0.0,green,0.0,green,0.0,green,0.2421,yellow,0.1165,orange,0.8568,green,0.2146,orange,0.4139,yellow,0.2624,orange,0.0664,green,0.2752,yellow,0.0,orange,0.4328,orange,0.2152,orange,0.1855,yellow,0.4592,yellow,0.6183,red,0.4764,green,1.0,green,0.0011,green,0.5173,green,0.0195,green,0.4383,orange,0.4337,orange,0.8,red,0.0657,yellow,0.1129,red,0.169,orange,0.1734,red,0.4349,red,0.9689,green,0.135,orange,0.0263,orange,0.5707,red,0.2963,red,0.8215,orange,0.3402,red,0.2544,orange,0.03,yellow,0.9647,red,0.94,green,0.4993,yellow,0.3798,green,0.0072,red
4213401,0.1163,green,0.3384,yellow,0.2732,green,0.0,red,0.2103,green,0.4492,green,0.2608,yellow,0.038,yellow,0.1994,yellow,0.0618,green,0.1754,orange,0.0937,yellow,0.1845,orange,0.1444,orange,0.129,orange,0.7383,yellow,0.3369,red,0.5823,red,0.1534,yellow,0.1924,green,0.5326,red,0.2564,red,0.5583,red,0.2685,red,0.4437,red,0.4808,yellow,0.3061,yellow,0.1795,orange,0.8114,red,0.0127,yellow,0.1691,orange,0.0983,yellow,0.7064,red,0.3432,red,0.6491,red,0.0721,yellow,0.3339,orange,0.1427,orange,0.6665,red,0.6263,red,0.9153,orange,0.1521,yellow,0.0383,orange,0.658,red,0.469,yellow,0.6496,orange,0.525,yellow,0.3032,red,0.3017,green,0.8792,red,0.6893,yellow,0.2722,orange,0.0918,red,0.1449,orange
4213500,0.186,yellow,0.3918,orange,0.4123,orange,0.0,red,0.4694,orange,0.0701,red,0.4561,green,0.0143,green,0.0798,green,0.0047,red,0.3514,red,0.2999,red,0.3602,red,0.2186,yellow,0.6039,green,0.7115,yellow,0.1208,yellow,0.2868,green,0.1111,green,0.2634,yellow,0.3426,orange,0.1945,red,0.3339,yellow,0.2007,orange,0.6756,red,0.0929,red,0.204,green,0.24,orange,1.0,green,0.3825,red,0.1945,orange,0.1179,yellow,0.3942,orange,0.3566,red,0.2741,yellow,0.2501,red,0.4511,yellow,0.1101,red,0.5902,red,0.6954,orange,0.9051,orange,0.0996,orange,0.0597,yellow,0.4716,orange,0.5716,green,0.6981,orange,0.5229,yellow,0.1697,yellow,0.0067,red,0.4165,green,0.9651,green,0.5313,green,0.2145,yellow,0.1002,orange
4213609,0.2023,orange,0.4184,orange,0.3293,yellow,0.0,red,0.3935,yellow,0.1535,yellow,0.1941,yellow,0.0274,yellow,0.3705,red,0.0296,yellow,0.1904,orange,0.1466,orange,0.2269,orange,0.0594,red,0.3239,green,0.556,orange,0.0621,green,0.4177,yellow,0.175,yellow,0.3017,orange,0.3139,yellow,0.0566,orange,0.2958,yellow,0.1302,green,0.433,red,0.365,orange,0.6451,red,0.1231,red,0.6845,red,0.0275,orange,0.1643,orange,0.0378,green,0.2155,yellow,0.5787,yellow,0.4046,orange,0.2483,red,0.3546,orange,0.3181,green,0.9779,green,0.9241,green,0.8566,red,0.0455,red,0.0333,orange,0.2966,yellow,0.3385,orange,0.218,red,0.5412,green,0.2218,yellow,0.0182,orange,0.5905,orange,0.8669,green,0.2924,orange,0.2076,yellow,0.4594,green
4213708,0.1656,yellow,0.3442,yellow,0.4733,orange,0.0,red,0.2984,green,0.4871,green,0.1761,orange,0.0454,yellow,0.2279,orange,0.0179,orange,0.0849,yellow,0.0416,green,0.1357,yellow,0.0994,red,0.2008,yellow,0.6282,orange,0.1106,yellow,0.3627,yellow,0.1234,green,0.3627,orange,0.3558,orange,0.0,orange,0.3936,orange,0.2008,orange,0.4739,red,0.2765,red,0.3209,yellow,0.1068,red,1.0,green,0.0147,yellow,0.1763,orange,0.0539,green,0.1793,green,0.4182,orange,0.3541,orange,0.047,green,0.339,orange,0.122,red,0.5938,red,0.4649,red,0.9172,orange,0.2466,green,0.0546,yellow,0.416,orange,0.4378,yellow,0.6058,red,0.3067,red,0.1554,green,0.0177,orange,0.9309,red,0.5214,orange,0.4861,yellow,0.0968,red,0.1328,orange
4213807,0.2059,orange,0.4334,red,0.0769,green,0.0,red,0.3435,green,0.0872,orange,0.1356,red,0.0294,yellow,0.1141,green,0.0578,green,0.2586,red,0.1841,orange,0.2095,orange,0.3778,green,0.1022,orange,0.9298,green,0.4138,red,0.3664,yellow,0.3888,red,0.3045,orange,0.1888,green,0.2292,red,0.2029,green,0.116,green,0.1599,yellow,0.3031,orange,0.6322,red,0.1504,red,0.7766,red,0.0031,green,0.1673,orange,0.1938,orange,0.2623,yellow,0.5009,orange,0.282,yellow,0.0664,yellow,0.3334,orange,0.4188,green,0.7239,orange,0.9009,green,0.6861,red,0.2009,yellow,0.0315,orange,0.3649,yellow,0.5079,yellow,0.967,green,0.3961,orange,0.3204,red,0.066,green,0.6506,orange,0.5615,orange,0.2749,orange,0.4986,green,0.2666,yellow
4213906,0.0,green,0.1294,green,0.3527,yellow,0.0,red,0.2995,green,0.0303,red,0.1299,red,0.1346,red,0.2911,red,0.047,yellow,0.0,green,0.0,green,0.0,green,0.7531,green,0.014,red,0.243,red,0.1023,yellow,0.4522,orange,0.0668,green,0.7139,red,0.4389,orange,0.0,orange,0.4593,orange,0.1765,yellow,0.0,green,0.4309,yellow,0.7268,red,0.892,green,1.0,green,0.022,orange,0.3971,green,0.6167,red,0.1327,green,0.6451,green,0.1968,green,0.0,green,0.3118,orange,0.4763,green,0.7952,yellow,0.8639,green,0.9223,yellow,0.0191,red,0.0015,red,0.0511,green,0.9531,green,0.9874,green,0.6407,green,0.1823,yellow,0.0211,orange,0.6326,orange,0.3834,red,0.1975,red,0.3093,green,0.0903,orange
4214003,0.2466,red,0.3437,yellow,0.4392,orange,0.0,red,0.2194,green,0.1179,orange,0.1555,orange,0.0286,yellow,0.358,red,0.0163,orange,0.0652,green,0.0603,yellow,0.0931,yellow,0.2828,yellow,0.2249,yellow,0.6658,yellow,0.0421,green,0.3863,yellow,0.2509,orange,0.3644,orange,0.2447,green,0.0948,red,0.319,yellow,0.1643,yellow,0.0979,yellow,0.4711,yellow,0.4862,orange,0.2075,orange,1.0,green,0.01,yellow,0.1825,orange,0.0443,green,0.464,red,0.4871,orange,0.2368,green,0.0905,yellow,0.1064,red,0.0472,red,0.7367,orange,0.6404,red,0.811,red,0.1425,yellow,0.0321,orange,0.4522,orange,0.6721,green,0.8443,orange,0.414,orange,0.2049,yellow,0.0112,red,0.5619,yellow,0.7757,yellow,0.7039,green,0.278,green,0.0774,red
4214102,0.2348,red,0.5243,red,0.3784,yellow,0.0,red,0.4905,red,0.0109,red,0.0878,red,0.049,yellow,0.1674,yellow,0.1709,green,0.1267,yellow,0.1552,orange,0.1018,yellow,0.2533,yellow,0.0192,red,0.4076,red,0.2573,orange,0.2437,green,0.3329,orange,0.7046,red,0.3267,yellow,0.0,orange,0.1746,green,0.1304,green,0.0,green,0.2439,red,0.4476,orange,0.4073,yellow,0.986,orange,0.0094,yellow,0.4225,green,0.0288,green,0.0481,green,0.5405,yellow,0.2703,yellow,0.0,green,0.4349,yellow,0.2016,yellow,0.7501,orange,0.5146,red,0.7541,red,0.1396,yellow,0.0229,red,0.5152,orange,0.5033,yellow,0.9595,yellow,0.321,red,0.3957,red,0.0073,red,0.5573,yellow,0.3098,red,0.1707,red,0.137,orange,0.0784,orange
4214151,0.1384,green,0.4624,red,0.4431,orange,0.0,red,0.2419,green,0.0616,red,0.191,yellow,0.0672,orange,0.1524,yellow,0.016,orange,0.166,orange,0.0,green,0.1603,yellow,0.408,green,0.0449,red,0.5072,red,0.1275,yellow,0.6476,red,0.0647,green,0.3911,red,0.4821,red,0.0,orange,0.5045,red,0.4344,red,0.0,green,0.5637,green,0.5709,red,0.3821,yellow,1.0,green,0.2036,orange,0.1883,orange,0.2726,red,0.2683,yellow,0.545,yellow,0.2589,yellow,0.0504,yellow,0.2209,red,0.2101,yellow,0.5884,red,0.7507,orange,0.9482,green,0.2016,yellow,0.0423,orange,0.4883,orange,0.5547,green,0.9839,green,0.5685,green,0.2081,yellow,0.0273,yellow,0.4387,yellow,0.403,red,0.35,orange,0.3659,green,0.0495,red
4214201,0.156,green,0.4508,red,0.5652,red,0.0,red,0.4547,orange,0.0739,red,0.3417,green,0.0626,orange,0.1932,yellow,0.016,orange,0.1711,orange,0.1756,orange,0.1857,orange,0.205,yellow,0.1337,orange,0.7872,green,0.6776,red,0.4826,orange,0.7329,red,0.2,yellow,0.3061,yellow,0.0,orange,0.3309,yellow,0.088,green,0.1826,yellow,0.4359,yellow,0.2689,yellow,0.2963,yellow,1.0,green,0.2212,red,0.1063,red,0.368,red,0.3549,orange,0.6281,green,0.3338,orange,0.1024,orange,0.5107,yellow,0.3157,green,0.8085,yellow,0.7474,orange,0.9198,orange,0.5183,green,0.227,green,0.1948,green,0.2718,red,0.8765,yellow,0.4007,orange,0.1429,green,0.1408,green,0.9555,red,0.6762,orange,0.4976,yellow,0.1331,orange,0.1265,orange
4214300,0.131,green,0.3289,yellow,0.5332,red,0.0,red,0.2957,green,0.9737,green,0.1566,orange,0.0674,orange,0.1389,yellow,0.1595,green,0.0,green,0.0,green,0.0,green,0.5649,green,0.2252,yellow,0.6934,yellow,0.0839,green,0.1471,green,0.1457,green,0.157,green,0.4302,orange,0.0,orange,0.4502,orange,0.3364,red,0.4358,red,0.3559,orange,0.3093,yellow,0.473,green,0.7687,red,0.0103,yellow,0.2775,green,0.0663,yellow,0.3489,orange,0.5137,yellow,0.0963,green,0.0966,orange,0.2335,red,0.135,orange,0.9332,green,0.8156,yellow,0.9482,green,0.1336,orange,0.0079,red,0.4072,orange,0.4571,yellow,0.9804,green,0.2549,red,0.3103,red,0.0266,yellow,0.4286,green,0.4264,red,0.2733,orange,0.1968,yellow,0.0887,orange
4214409,0.2132,orange,0.4209,orange,0.4504,orange,0.0,red,0.4116,yellow,0.184,yellow,0.1352,red,0.1075,red,0.2788,orange,0.0406,yellow,0.1939,orange,0.1146,yellow,0.2258,orange,0.1909,orange,0.0671,orange,0.586,orange,0.4695,red,0.465,orange,1.0,red,0.2548,yellow,0.3112,yellow,0.0,orange,0.3288,yellow,0.1211,green,0.2003,orange,0.1328,red,0.2842,yellow,0.2906,yellow,0.9943,orange,0.0012,green,0.1732,orange,0.0637,yellow,0.2837,yellow,0.5299,yellow,0.5477,red,0.0477,green,0.46,yellow,0.3283,green,0.5527,red,0.6104,red,0.9223,yellow,0.194,yellow,0.4235,green,0.6796,red,0.5029,yellow,0.8945,yellow,0.4513,yellow,0.2405,orange,0.015,orange,0.7856,red,0.5075,orange,0.2885,orange,0.1283,orange,0.237,yellow
4214508,0.5714,red,0.3951,orange,0.3096,yellow,0.0,red,0.5568,red,0.2613,green,0.1207,red,0.1021,red,0.2622,orange,0.1124,green,0.0812,yellow,0.1143,yellow,0.1539,yellow,0.1622,orange,0.1282,orange,0.5657,orange,0.0944,green,0.3313,green,0.1803,yellow,0.3473,orange,0.4588,red,0.0,orange,0.5106,red,0.2239,orange,0.0,green,0.2915,red,0.685,red,0.2317,orange,1.0,green,0.004,green,0.2727,green,0.0113,green,0.4214,orange,0.4369,orange,0.3741,orange,0.0229,green,0.2445,red,0.0629,red,0.8128,yellow,0.7257,orange,0.931,yellow,0.0616,red,0.0877,green,0.1639,green,0.4469,yellow,0.9822,green,0.3453,orange,0.2935,orange,0.0409,yellow,0.3434,green,0.6478,orange,0.2603,orange,0.1113,red,0.0838,orange
4214607,0.3184,red,0.3486,yellow,0.7709,red,0.0,red,0.3815,yellow,0.0763,red,0.2104,yellow,0.0688,orange,0.3222,red,0.0268,yellow,0.036,green,0.0461,yellow,0.0615,green,0.1664,orange,0.1639,yellow,0.4629,red,0.147,yellow,0.4854,orange,0.2635,orange,0.276,orange,0.2212,green,0.0,orange,0.2165,green,0.135,green,0.416,red,0.4136,yellow,0.8922,red,0.149,red,0.9881,orange,0.0097,yellow,0.2001,yellow,0.0178,green,0.1739,green,0.7955,green,0.2871,yellow,0.039,green,0.3925,yellow,0.2465,yellow,0.8471,yellow,0.8121,yellow,0.9112,orange,0.4186,green,0.0566,yellow,0.3045,yellow,0.3633,orange,0.8955,yellow,0.5294,yellow,0.3952,red,0.0052,red,0.6335,orange,0.4924,orange,0.2864,orange,0.2352,yellow,0.1402,orange
4214706,0.2291,orange,0.2138,green,0.2807,green,0.0,red,0.433,orange,0.0574,red,0.1249,red,0.0259,yellow,0.1857,yellow,0.0908,green,0.0664,green,0.0619,yellow,0.1011,yellow,0.2759,yellow,0.1837,yellow,0.6434,yellow,0.0431,green,0.4209,yellow,0.2293,yellow,0.2424,yellow,0.2575,green,0.0,orange,0.3438,yellow,0.0991,green,0.0528,yellow,0.3246,orange,0.3515,yellow,0.1354,red,0.9257,orange,0.0263,orange,0.099,red,0.0413,green,0.2349,yellow,0.7019,green,0.3224,yellow,0.098,orange,0.46,yellow,0.1261,orange,0.4233,red,0.4475,red,0.9379,yellow,0.6782,green,0.0642,yellow,0.2781,yellow,0.3728,orange,0.4177,red,0.3273,red,0.2609,orange,0.0246,orange,0.3284,green,0.5593,orange,0.4931,yellow,0.2551,yellow,0.2733,yellow
4214805,0.2045,orange,0.3555,orange,0.3424,yellow,0.0198,red,0.4247,orange,0.2939,green,0.1708,orange,0.0142,green,0.3048,red,0.0042,red,0.1141,yellow,0.0952,yellow,0.1385,yellow,0.124,red,0.3634,green,0.6336,orange,0.1018,yellow,0.4499,orange,0.1178,green,0.2229,yellow,0.2785,yellow,0.0247,orange,0.3217,yellow,0.1455,yellow,0.6116,red,0.281,red,0.3044,yellow,0.4639,green,0.6303,red,0.0197,orange,0.1744,orange,0.068,yellow,0.2336,yellow,0.4813,orange,0.2566,yellow,0.1468,orange,0.4182,yellow,0.2161,yellow,0.9442,green,0.8853,green,0.9267,yellow,0.1126,orange,0.0475,yellow,0.6033,red,0.739,green,0.2701,red,0.4369,yellow,0.2653,orange,0.003,red,0.7169,red,1.0,green,0.6604,green,0.1543,orange,0.6598,green
4214904,0.1988,orange,0.286,green,0.4738,orange,0.0,red,0.3121,green,0.0643,red,0.2298,yellow,0.1143,red,0.1566,yellow,0.075,green,0.0,green,0.0,green,0.0,green,0.3443,green,0.0647,red,0.4823,red,0.0808,green,0.1576,green,0.0384,green,0.4878,red,0.2214,green,0.0,orange,0.2317,green,0.1624,yellow,0.0,green,0.8232,green,0.495,red,0.2888,yellow,1.0,green,0.0097,yellow,0.0923,red,0.0855,yellow,0.0613,green,0.6613,green,0.1078,green,0.1624,orange,0.5333,green,0.1592,orange,0.9065,green,0.8068,yellow,0.9223,yellow,0.288,green,0.2274,green,0.4636,orange,0.7359,green,0.9494,yellow,0.5807,green,0.1969,yellow,0.2795,green,0.4087,green,0.3616,red,0.3586,yellow,0.0804,red,0.1714,yellow
4215000,0.185,yellow,0.2852,green,0.3192,yellow,0.0052,red,0.4091,yellow,0.1351,yellow,0.1096,red,0.0227,green,0.3722,red,0.0248,yellow,0.2024,orange,0.163,orange,0.242,orange,0.0615,red,0.1866,yellow,0.7361,yellow,0.0854,green,0.4468,orange,0.143,green,0.1996,green,0.2617,green,0.037,orange,0.3147,yellow,0.1734,yellow,0.091,yellow,0.2251,red,0.4238,orange,0.2229,orange,0.5462,red,0.0068,yellow,0.128,orange,0.0525,green,0.2476,yellow,0.3923,red,0.4316,orange,0.0962,orange,0.3503,orange,0.358,green,0.8162,yellow,0.8556,yellow,0.9229,yellow,0.0747,red,0.0526,yellow,0.1415,green,0.3713,orange,0.6093,red,0.4074,orange,0.1384,green,0.0252,yellow,0.5856,orange,0.9752,green,0.5153,green,0.2047,yellow,0.2971,green
4215059,0.1454,green,0.3017,yellow,0.4441,orange,0.0,red,0.4895,red,0.0434,red,0.2371,yellow,0.1031,red,0.3628,red,0.2064,green,0.2087,orange,0.2928,red,0.2865,red,0.3839,green,0.0173,red,0.9395,green,0.179,orange,0.484,orange,0.3948,red,0.1826,green,0.2797,yellow,0.0,orange,0.2927,green,0.1304,green,0.0,green,0.3323,orange,0.6351,red,0.4782,green,0.8117,red,0.0045,green,0.3915,green,0.1067,yellow,0.2442,yellow,0.5434,yellow,0.5987,red,0.2442,red,0.0406,red,0.2868,green,0.697,orange,0.5448,red,0.6764,red,0.0649,red,0.0083,red,0.613,red,0.4762,yellow,0.8285,orange,0.4731,yellow,0.3648,red,0.0153,orange,0.4131,green,0.3263,red,0.1858,red,0.2616,green,0.1522,yellow
4215075,0.1713,yellow,0.4486,red,0.2307,green,0.0,red,0.2292,green,0.0873,orange,0.1692,orange,0.1019,red,0.3803,red,0.0353,yellow,0.1717,orange,0.0749,yellow,0.1498,yellow,0.3181,yellow,0.2494,green,0.5427,orange,0.0976,yellow,0.5877,red,0.1838,yellow,0.3464,orange,0.2337,green,0.8814,red,0.315,yellow,0.125,green,0.0,green,0.5885,green,0.481,orange,0.2777,yellow,1.0,green,0.3557,red,0.1886,orange,0.1974,orange,0.2876,yellow,0.5961,yellow,0.3635,orange,0.0486,green,0.3415,orange,0.2004,orange,0.8264,yellow,0.8774,green,0.9689,green,0.0999,orange,0.0253,orange,0.2891,yellow,0.3403,orange,0.9772,green,0.5625,green,0.1956,yellow,0.1887,green,0.5293,yellow,0.5701,orange,0.1891,red,0.2673,green,0.152,yellow
4215109,0.1974,orange,0.191,green,0.2957,green,0.0,red,0.3426,green,0.1995,green,0.1214,red,0.0109,green,0.4647,red,0.0177,orange,0.0504,green,0.028,green,0.0789,green,0.1204,red,0.2031,yellow,0.6629,yellow,0.1867,orange,0.4956,orange,0.1369,green,0.4041,red,0.318,yellow,0.0,orange,0.4611,orange,0.2252,orange,0.3718,red,0.4362,yellow,0.6468,red,0.15,red,1.0,green,0.05,orange,0.2307,yellow,0.0744,yellow,0.1468,green,0.6622,green,0.2758,yellow,0.1088,orange,0.32,orange,0.1239,red,0.4992,red,0.5131,red,0.9353,yellow,0.2606,green,0.0569,yellow,0.2353,green,0.5648,green,0.6691,orange,0.3792,orange,0.1795,yellow,0.0159,orange,0.919,red,0.7013,yellow,0.3642,yellow,0.0982,red,0.1088,orange
4215208,0.1896,yellow,0.4306,red,0.4632,orange,0.0,red,0.4256,orange,0.1552,yellow,0.2282,yellow,0.1,red,0.1877,yellow,0.0315,yellow,0.0,green,0.074,yellow,0.0486,green,0.2021,yellow,0.0795,orange,0.5558,orange,0.4379,red,0.5891,red,0.2491,orange,0.3273,orange,0.1876,green,0.0,orange,0.1964,green,0.1467,yellow,0.0,green,0.5621,green,0.5873,red,0.3066,yellow,1.0,green,0.3035,red,0.0867,red,0.1238,orange,0.5208,red,0.7974,green,0.2801,yellow,0.0156,green,0.2079,red,0.2643,yellow,0.8063,yellow,0.8545,yellow,0.9137,orange,0.0413,red,0.023,red,0.4526,orange,0.2952,red,0.9866,green,0.3971,orange,0.0,green,0.0074,red,0.6794,red,0.3241,red,0.0224,red,0.161,orange,0.0837,orange
4215307,0.1591,green,0.5212,red,0.606,red,0.0,red,0.361,yellow,0.0771,red,0.1652,orange,0.0442,yellow,0.3563,red,0.0244,orange,0.0659,green,0.0467,yellow,0.123,yellow,0.2825,yellow,0.1244,orange,0.508,red,0.0886,green,0.5278,red,0.0832,green,0.4796,red,0.3825,orange,0.0,orange,0.4365,orange,0.1738,yellow,0.4963,red,0.4788,yellow,0.4773,orange,0.2363,orange,1.0,green,0.0096,yellow,0.2689,green,0.0785,yellow,0.2339,yellow,0.4313,orange,0.2698,yellow,0.0392,green,0.3395,orange,0.2587,yellow,0.6916,orange,0.626,red,0.9223,yellow,0.221,yellow,0.0456,yellow,0.0238,green,0.5104,yellow,0.8927,yellow,0.3399,red,0.2734,orange,0.0416,yellow,0.661,orange,0.7152,yellow,0.4593,yellow,0.2252,yellow,0.1258,orange
4215356,0.0782,green,0.2113,green,0.9433,red,0.0,red,0.4088,yellow,0.0668,red,0.072,red,0.0878,orange,0.1785,yellow,0.0229,orange,0.1344,yellow,0.2897,red,0.2507,orange,0.2614,yellow,0.0751,orange,0.5549,orange,0.0109,green,0.5505,red,0.2874,orange,0.2415,yellow,0.6136,red,0.0,orange,0.6422,red,0.2395,orange,0.0,green,0.444,yellow,0.3517,yellow,0.3309,yellow,0.8816,orange,0.0665,orange,0.1324,orange,0.1238,orange,0.2064,yellow,0.5488,yellow,0.5502,red,0.0198,green,0.457,yellow,0.0334,red,0.6611,red,0.7139,orange,0.9334,yellow,0.1454,yellow,0.0038,red,0.5491,red,0.2848,red,0.9768,green,0.4998,yellow,0.3101,red,0.0953,green,0.7044,red,0.4367,orange,0.1251,red,0.2765,green,0.0382,red
4215406,0.292,red,0.306,yellow,0.4082,orange,0.0,red,0.4108,yellow,0.088,orange,0.1077,red,0.0459,yellow,0.1243,green,0.0273,yellow,0.0508,green,0.0,green,0.1494,yellow,0.2346,yellow,0.0515,red,0.5404,orange,0.0855,green,0.5542,red,0.4992,red,0.3079,orange,0.5617,red,0.0,orange,0.7823,red,0.1557,yellow,0.1315,yellow,0.5661,green,0.2406,green,0.3154,yellow,1.0,green,0.0057,yellow,0.0954,red,0.1,yellow,0.067,green,0.415,red,0.3564,orange,0.049,green,0.8091,green,0.3126,green,0.8837,yellow,1.0,green,0.9612,green,0.4096,green,0.0605,yellow,0.3015,yellow,0.7095,green,0.8,orange,0.3038,red,0.3772,red,0.1961,green,0.6573,orange,0.8712,green,0.6245,green,0.1426,orange,0.0689,red
4215455,0.1952,orange,0.3649,orange,0.4233,orange,0.0,red,0.5449,red,0.183,yellow,0.1207,red,0.026,yellow,0.2349,orange,0.0017,red,0.0804,yellow,0.1171,orange,0.096,yellow,0.1732,orange,0.083,orange,0.7601,green,0.1378,yellow,0.3431,green,0.4862,red,0.2725,orange,0.4538,red,0.1146,red,0.5371,red,0.1715,yellow,0.1015,yellow,0.2566,red,0.2679,yellow,0.1062,red,0.9859,orange,0.0039,green,0.2464,yellow,0.1079,yellow,0.5846,red,0.1246,red,0.4298,orange,0.16,orange,0.4062,yellow,0.2021,yellow,0.5712,red,0.8039,yellow,0.9068,orange,0.1222,orange,0.3899,green,0.6778,red,0.2214,red,0.483,red,0.2738,red,0.2494,orange,0.0454,yellow,0.3694,green,0.402,red,0.636,green,0.1799,yellow,0.6022,green
4215505,0.286,red,0.2972,yellow,0.365,yellow,0.0,red,0.3779,yellow,0.2268,green,0.1536,orange,0.0692,orange,0.306,red,0.0587,green,0.2724,red,0.305,red,0.3857,red,0.215,yellow,0.2635,green,0.8549,green,0.1196,yellow,0.5206,orange,0.1966,yellow,0.267,yellow,0.606,red,0.164,red,0.5872,red,0.3089,red,0.5405,red,0.3122,orange,0.5512,red,0.1675,red,0.0,red,0.003,green,0.2196,yellow,0.0287,green,0.5173,red,0.1645,red,0.8223,red,0.0676,yellow,0.2226,red,0.2229,yellow,0.0,red,0.3702,red,0.76,red,0.1349,orange,0.0223,red,0.4222,orange,0.1905,red,0.6701,orange,0.4256,orange,0.3326,red,0.0213,orange,0.6395,orange,0.8735,green,0.4968,yellow,0.1928,yellow,0.1462,orange
4215554,0.1176,green,0.4584,red,0.2974,green,0.0938,red,0.4073,yellow,0.0847,orange,0.4833,green,0.0943,red,0.3467,red,0.0314,yellow,0.0,green,0.0,green,0.0,green,0.4052,green,0.026,red,0.1346,red,0.0766,green,0.168,green,0.5484,red,0.3106,orange,0.4381,orange,0.0,orange,0.4585,orange,0.3425,red,0.0,green,0.5729,green,0.4095,orange,0.5609,green,1.0,green,0.4116,red,0.2594,yellow,0.4439,red,0.2055,green,0.6511,green,0.2976,yellow,0.0632,yellow,0.73,green,0.0959,red,0.8952,green,0.8251,yellow,1.0,green,0.1557,yellow,0.0397,orange,0.1031,green,0.5825,green,0.9972,green,0.7088,green,0.1355,green,0.0792,green,0.2604,green,0.7981,yellow,0.2587,orange,0.2391,yellow,0.0523,red
4215604,0.2348,red,1.0,red,0.8472,red,0.0,red,0.7833,red,0.0139,red,0.2553,yellow,0.098,red,0.1305,green,0.1396,green,0.0,green,0.0,green,0.0,green,0.2496,yellow,0.016,red,0.5206,red,0.1235,yellow,0.3559,green,0.033,green,1.0,red,0.434,orange,0.0,orange,0.2868,green,0.2143,orange,0.0,green,0.3777,orange,0.4425,orange,0.6032,green,1.0,green,0.0121,yellow,0.2874,green,0.0621,green,0.2424,yellow,0.728,green,0.0522,green,0.1399,orange,0.6239,green,0.3662,green,0.8794,yellow,0.8224,yellow,0.9482,green,0.1174,orange,0.0892,green,0.011,green,0.796,green,0.9563,yellow,0.8047,green,0.0,green,0.1557,green,0.5078,yellow,0.1877,red,0.2107,orange,0.0909,red,0.1533,yellow
4215653,0.3312,red,0.2864,green,0.3771,yellow,0.0,red,0.3681,yellow,0.1227,orange,0.2641,green,0.0293,yellow,0.1277,green,0.0111,orange,0.2633,red,0.2931,red,0.2441,orange,0.2951,yellow,0.0803,orange,0.7754,green,0.6918,red,0.433,orange,0.2791,orange,0.2439,yellow,0.3989,orange,0.0,orange,0.3765,yellow,0.2585,orange,0.1514,yellow,0.1189,red,0.5381,red,0.121,red,1.0,green,0.0037,green,0.2768,green,0.1226,orange,0.4578,red,0.4945,orange,0.273,yellow,0.2066,red,0.3555,orange,0.1447,orange,0.4177,red,0.6724,red,0.8591,red,0.05,red,0.0186,red,0.6082,red,0.5138,yellow,0.9627,green,0.4923,yellow,0.0351,green,0.0146,orange,0.3844,green,0.6756,orange,0.1434,red,0.3351,green,0.1051,orange
4215679,0.1821,yellow,0.27,green,0.3872,yellow,0.0,red,0.499,red,0.0451,red,0.1245,red,0.1373,red,0.544,red,0.1269,green,0.2118,red,0.2468,red,0.2687,orange,0.0541,red,0.0562,red,0.7436,green,0.2068,orange,0.2037,green,0.2499,orange,0.2786,orange,0.2623,green,0.0,orange,0.2176,green,0.0665,green,0.15,yellow,0.5551,green,0.321,yellow,0.1155,red,0.851,red,0.0031,green,0.1954,orange,0.015,green,0.2507,yellow,0.3926,red,0.2545,yellow,0.0362,green,0.3392,orange,0.2066,yellow,0.7074,orange,0.6372,red,0.931,yellow,0.1394,yellow,0.0424,yellow,0.0216,green,0.2403,red,0.69,orange,0.389,orange,0.2159,yellow,0.0204,orange,0.4774,yellow,0.0792,red,0.0418,red,0.0491,red,0.0801,orange
4215687,0.1524,green,0.1875,green,0.3483,yellow,0.0,red,0.3355,green,0.1408,yellow,0.3602,green,0.0914,red,0.1379,yellow,0.0338,yellow,0.0858,yellow,0.0,green,0.0881,green,0.3275,green,0.0152,red,0.6042,orange,0.065,green,0.2988,green,0.056,green,0.085,green,0.6401,red,0.0,orange,0.6699,red,0.6204,red,0.2595,orange,0.464,yellow,0.6037,red,0.5118,green,1.0,green,0.4757,red,0.2319,yellow,0.4951,red,0.2055,yellow,0.5763,yellow,0.3771,orange,0.0301,green,0.2123,red,0.2443,yellow,0.6582,red,0.7201,orange,0.9334,yellow,0.1115,orange,0.0963,green,0.4028,orange,0.1629,red,0.9807,green,0.7786,green,0.2311,yellow,0.0211,orange,0.6091,orange,0.3894,red,0.0807,red,0.2455,yellow,0.064,red
4215695,0.4403,red,0.5978,red,0.3066,yellow,0.0,red,0.4629,orange,0.1177,orange,0.1295,red,0.1085,red,0.1312,green,0.0265,yellow,0.0,green,0.0,green,0.0,green,0.5241,green,0.0221,red,0.286,red,0.2279,orange,0.3539,green,0.091,green,0.1721,green,0.2398,green,0.0,orange,0.251,green,0.0,green,0.0,green,0.6095,green,0.4433,orange,1.0,green,0.8117,red,0.2923,red,0.4774,green,0.6766,red,0.534,red,0.5064,orange,0.2297,green,0.0,green,1.0,green,0.3562,green,0.7485,orange,0.7421,orange,0.9482,green,0.1035,orange,0.086,green,0.2283,green,0.6876,green,1.0,green,0.331,red,0.0,green,0.1264,green,0.3994,green,0.8597,yellow,0.2295,orange,0.3484,green,0.0606,red
4215703,0.2992,red,0.3479,yellow,0.4535,orange,0.6368,red,0.4429,orange,0.1285,orange,0.2156,yellow,0.0129,green,0.0602,green,0.0285,yellow,0.1531,orange,0.1474,orange,0.1865,orange,0.1608,orange,0.2917,green,0.6388,orange,0.0591,green,0.2765,green,0.0808,green,0.1806,green,0.1764,green,0.0,orange,0.2335,green,0.1313,green,0.4231,red,0.3225,orange,0.4624,orange,0.1627,red,1.0,green,0.0915,orange,0.106,red,0.1681,orange,0.3245,orange,0.6032,yellow,0.1968,green,0.2288,red,0.2762,orange,0.2178,yellow,0.8392,yellow,0.6692,red,0.8976,orange,0.1373,yellow,0.0233,orange,0.5513,red,0.5529,green,0.8941,yellow,0.4863,yellow,0.2426,orange,0.0147,orange,0.5168,yellow,0.8482,yellow,0.3929,yellow,0.1401,orange,0.2197,yellow
4215752,0.1487,green,0.1255,green,0.4644,orange,0.0,red,0.5641,red,0.0073,red,0.3284,green,0.1122,red,0.1439,yellow,0.036,yellow,0.0,green,0.2661,red,0.2707,red,0.3287,green,0.0283,red,0.7923,green,0.0643,green,0.3626,yellow,0.0839,green,0.0908,green,0.2604,green,0.0,orange,0.3906,orange,0.2036,orange,0.0,green,0.6427,green,0.3608,yellow,0.6062,green,1.0,green,0.1387,orange,0.237,yellow,0.1068,yellow,0.128,green,0.5539,yellow,0.5803,red,0.0,green,0.7377,green,0.263,yellow,0.5739,red,0.8477,yellow,0.9482,green,0.1329,orange,0.0883,green,0.3821,yellow,0.455,yellow,0.9927,green,0.6318,green,0.2396,orange,0.2074,green,0.3451,green,0.3453,red,0.1855,red,0.1212,orange,0.1033,orange
4215802,0.2353,red,0.3433,yellow,0.3295,yellow,0.0,red,0.436,orange,0.0985,orange,0.1375,red,0.0062,green,0.4071,red,0.0097,red,0.113,yellow,0.0683,yellow,0.1322,yellow,0.0876,red,0.2738,green,0.6418,orange,0.0756,green,0.4421,orange,0.132,green,0.2077,yellow,0.3073,yellow,0.1221,red,0.3222,yellow,0.1362,green,0.1951,orange,0.394,orange,0.1927,green,0.1844,orange,0.2082,red,0.012,yellow,0.0534,red,0.0875,yellow,0.1545,green,0.4226,orange,0.2787,yellow,0.0901,yellow,0.4737,yellow,0.1958,orange,0.8828,yellow,0.9227,green,0.9258,yellow,0.0982,orange,0.0585,yellow,0.0648,green,0.5004,yellow,0.5713,red,0.2646,red,0.1174,green,0.01,red,0.6369,orange,0.9723,green,0.6043,green,0.2256,yellow,0.4248,green
4215901,0.0767,green,0.2228,green,0.5077,red,0.072,red,0.2415,green,0.2148,green,0.1058,red,0.0969,red,0.0701,green,0.2872,green,0.1098,yellow,0.0,green,0.0833,green,0.3454,green,0.0467,red,0.8331,green,0.1634,orange,0.525,red,0.3813,red,0.6321,red,0.5647,red,0.7333,red,0.4762,orange,0.3558,red,0.0,green,0.3892,orange,0.8907,red,0.4724,green,1.0,green,0.0164,yellow,0.2955,green,0.0,green,0.3262,orange,0.844,green,0.2832,yellow,0.0,green,0.2093,red,0.2125,yellow,0.8772,yellow,0.8536,yellow,0.9741,green,0.0109,red,0.0,red,0.1604,green,0.2719,red,0.9866,green,0.6287,green,0.1067,green,1.0,green,0.4777,yellow,0.1679,red,0.2149,orange,0.8798,green,0.0678,red
4216008,0.1726,yellow,0.3616,orange,0.525,red,0.0,red,0.3645,yellow,0.1094,orange,0.1585,orange,0.0652,orange,0.3244,red,0.0098,red,0.0662,green,0.0652,yellow,0.0848,green,0.1315,orange,0.1703,yellow,0.6746,yellow,0.3759,red,0.5095,orange,0.2929,orange,0.5276,red,0.2987,yellow,0.0,orange,0.3139,yellow,0.1303,green,0.171,yellow,0.3884,orange,0.3859,orange,0.2359,orange,0.9729,orange,0.4855,red,0.2076,yellow,0.1862,orange,0.2361,yellow,0.6496,green,0.25,yellow,0.0827,yellow,0.4767,yellow,0.2996,green,0.5236,red,0.8042,yellow,0.9223,yellow,0.4445,green,0.2332,green,0.5439,orange,0.4361,yellow,0.5976,red,0.4103,orange,0.2108,yellow,0.2483,green,0.4973,yellow,0.7568,yellow,0.366,yellow,0.1085,red,0.1814,yellow
4216057,0.2328,orange,0.2967,yellow,0.4727,orange,0.0,red,0.2059,green,0.6271,green,0.0752,red,0.0776,orange,0.3012,red,0.0635,green,0.3473,red,0.439,red,0.5892,red,0.1551,orange,0.1864,yellow,0.704,yellow,0.095,yellow,0.5828,red,0.1826,yellow,0.4412,red,0.3134,yellow,0.0,orange,0.4942,red,0.242,orange,0.3457,red,0.2984,red,0.3129,yellow,0.2547,yellow,0.9508,orange,0.0025,green,0.2191,yellow,0.2777,red,0.3764,orange,0.077,red,0.6786,red,0.3707,red,0.423,yellow,0.3024,green,0.5069,red,0.6248,red,0.9482,green,0.1606,yellow,0.0177,red,0.7774,red,0.4295,yellow,0.5328,red,0.297,red,0.1287,green,0.0209,orange,0.5613,yellow,0.7331,yellow,0.4279,yellow,0.2785,green,0.0387,red
4216107,0.1299,green,0.4004,orange,0.341,yellow,0.0,red,0.3704,yellow,0.0859,orange,0.2289,yellow,0.0473,yellow,0.0741,green,0.0165,orange,0.1986,orange,0.1888,orange,0.2229,orange,0.2256,yellow,0.0818,orange,0.6451,yellow,0.1694,orange,0.5673,red,0.3234,orange,0.276,orange,0.3791,orange,0.2115,red,0.4276,orange,0.2785,red,0.1354,yellow,0.4268,yellow,0.3836,orange,0.2452,orange,0.9493,orange,0.1664,orange,0.2388,yellow,0.1122,yellow,0.2161,yellow,0.5804,yellow,0.4393,red,0.04,green,0.3589,orange,0.1582,orange,0.6518,red,0.7692,orange,0.9153,orange,0.2522,green,0.0667,yellow,0.0908,green,0.4215,orange,0.8134,orange,0.3707,orange,0.4052,red,0.0055,red,0.5454,yellow,0.776,yellow,0.2105,orange,0.3554,green,0.1498,orange
4216206,0.1962,orange,0.3219,yellow,0.2222,green,0.0,red,0.495,red,0.1321,yellow,0.3387,green,0.0066,green,0.0519,green,0.0133,orange,0.7094,red,0.8086,red,0.7447,red,0.035,red,0.4781,green,0.6152,orange,0.1301,yellow,0.4474,orange,0.3233,orange,0.1461,green,0.4218,orange,0.0316,orange,0.4546,orange,0.2097,orange,0.5584,red,0.1835,red,0.4364,orange,0.256,yellow,0.7153,red,0.4753,red,0.1475,orange,0.1578,orange,0.5882,red,0.3625,red,0.4085,orange,0.3525,red,0.2076,red,0.2269,yellow,0.7148,orange,0.6577,red,0.8037,red,0.0947,orange,0.0286,orange,0.6567,red,0.4242,orange,0.6177,red,0.0,red,0.2202,yellow,0.0109,red,0.5106,yellow,0.9334,green,0.3655,yellow,0.0441,red,0.2492,yellow
4216255,0.1711,yellow,0.3981,orange,0.477,orange,0.0,red,0.6784,red,0.0966,orange,0.178,orange,0.1016,red,0.288,orange,0.0233,orange,0.0,green,0.0,green,0.0,green,0.2751,yellow,0.1515,yellow,0.3251,red,0.0469,green,0.3288,green,0.0832,green,0.8014,red,0.2476,green,0.0,orange,0.2592,green,0.0417,green,0.0,green,0.6705,green,0.4181,orange,0.2352,orange,1.0,green,0.2493,red,0.0977,red,0.073,yellow,0.0508,green,0.802,green,0.0,green,0.0349,green,0.5868,green,0.6512,green,0.89,green,0.875,green,0.8861,red,0.3169,green,0.0088,red,0.1847,green,0.462,yellow,0.9815,green,0.3897,orange,0.1427,green,0.1074,green,0.3472,green,0.6253,orange,0.3175,orange,0.1899,yellow,0.0811,orange
4216305,0.2098,orange,0.366,orange,0.4804,orange,0.0056,red,0.4838,orange,0.1,orange,0.2618,yellow,0.0062,green,0.2557,orange,0.0088,red,0.1847,orange,0.2711,red,0.2385,orange,0.1156,red,0.2029,yellow,0.5296,orange,0.3047,red,0.3306,green,0.3345,orange,0.1291,green,0.343,orange,0.0473,orange,0.3598,yellow,0.1914,yellow,0.1643,yellow,0.3151,orange,0.0,green,0.1205,red,0.796,red,0.1226,orange,0.1125,red,0.086,yellow,0.7803,red,0.3548,red,0.3352,orange,0.2167,red,0.2392,red,0.1045,red,0.3721,red,0.4416,red,0.908,orange,0.0773,red,0.0734,yellow,0.5183,orange,0.3423,orange,0.0594,red,0.5354,green,0.1129,green,0.0187,orange,0.7554,red,0.9,green,0.4319,yellow,0.3392,green,0.2167,yellow
4216354,0.1885,yellow,0.364,orange,0.8306,red,0.0,red,0.328,green,0.2607,green,0.1452,orange,0.1036,red,0.948,red,0.0351,yellow,0.1163,yellow,0.192,orange,0.126,yellow,0.3504,green,0.0666,orange,0.5904,orange,0.1676,orange,0.361,yellow,0.0943,green,0.3521,orange,0.1965,green,0.0,orange,0.4127,orange,0.101,green,0.0,green,0.756,green,0.2429,yellow,0.3986,yellow,0.9319,orange,0.0335,orange,0.6989,green,0.1088,yellow,0.0164,green,0.4221,orange,0.2607,yellow,0.1207,orange,0.3674,orange,0.3457,green,0.8006,yellow,0.7665,orange,0.9482,green,0.0654,red,0.0156,red,0.5765,red,0.344,orange,0.9629,green,0.5227,yellow,0.2496,orange,0.0014,red,0.4485,yellow,0.4172,red,0.6138,green,0.1331,orange,0.0895,orange
4216404,0.1696,yellow,0.3858,orange,0.4437,orange,0.0,red,0.352,yellow,0.0654,red,0.1941,yellow,0.0578,orange,0.0321,green,0.0099,red,0.1005,yellow,0.0899,yellow,0.1183,yellow,0.3245,yellow,0.0562,red,0.7512,green,0.1941,orange,0.3139,green,0.2059,yellow,0.2986,orange,0.3262,yellow,0.0,orange,0.31,yellow,0.201,orange,0.2591,orange,0.5645,green,0.4206,orange,0.1782,orange,1.0,green,0.0041,green,0.3139,green,0.088,yellow,0.7573,red,0.5814,yellow,0.3263,yellow,0.1738,red,0.5278,green,0.2598,yellow,0.622,red,0.7363,orange,0.8506,red,0.1986,yellow,0.0234,orange,0.5297,orange,0.3968,orange,0.9188,yellow,0.5267,yellow,0.3143,red,0.0424,yellow,0.5516,yellow,0.0003,red,0.1595,red,0.0899,red,0.081,orange
4216503,0.1958,orange,0.3758,orange,0.2748,green,0.0,red,0.4167,orange,0.0982,orange,0.1272,red,0.0544,orange,0.0932,green,0.1683,green,0.3433,red,0.2293,red,0.3354,red,0.0414,red,0.1907,yellow,0.6722,yellow,0.3101,red,0.6336,red,0.3826,red,0.474,red,0.6031,red,0.1229,red,0.6263,red,0.4128,red,0.3095,orange,0.3905,orange,0.577,red,0.0748,red,0.4728,red,0.0012,green,0.1017,red,0.0797,yellow,0.4069,orange,0.4005,red,0.6036,red,0.1236,orange,0.2721,orange,0.187,orange,0.6396,red,0.6089,red,0.8409,red,0.0189,red,0.0157,red,0.6311,red,0.2858,red,0.2183,red,0.4791,yellow,0.1998,yellow,0.0604,yellow,0.6194,orange,0.7599,yellow,0.4268,yellow,0.1137,red,0.1706,yellow
4216602,0.2415,red,0.3587,orange,0.3835,yellow,0.0813,red,0.5031,red,0.1302,yellow,0.2079,yellow,0.0015,green,0.0866,green,0.0002,red,0.2349,red,0.2657,red,0.2554,orange,0.0438,red,0.6177,green,0.7847,green,0.0871,green,0.4359,orange,0.1649,yellow,0.1533,green,0.2856,yellow,0.0602,orange,0.3125,yellow,0.1621,yellow,0.6388,red,0.1842,red,0.2418,green,0.0829,red,0.5598,red,0.238,red,0.0063,red,0.2026,orange,0.3525,orange,0.4357,orange,0.2219,green,0.3073,red,0.5375,green,0.1173,red,0.8058,yellow,0.8339,yellow,0.9229,yellow,0.1948,yellow,0.069,yellow,0.7069,red,0.3261,orange,0.118,red,0.3353,red,0.1815,yellow,0.0102,red,0.6035,orange,0.8692,green,0.8112,green,0.1545,orange,0.3847,green
4216701,0.1717,yellow,0.431,red,0.4277,orange,0.0,red,0.3916,yellow,0.0543,red,0.3597,green,0.0539,orange,0.1916,yellow,0.0115,orange,0.1319,yellow,0.1021,yellow,0.1685,yellow,0.1131,red,0.1817,yellow,0.6711,yellow,0.1785,orange,0.3855,yellow,0.1528,green,0.5138,red,0.2898,yellow,0.0,orange,0.3762,yellow,0.1746,yellow,0.0435,yellow,0.428,yellow,0.3324,yellow,0.1899,orange,1.0,green,0.4244,red,0.1732,orange,0.5807,red,0.1935,green,0.6317,green,0.3074,yellow,0.0533,yellow,0.2804,orange,0.2141,yellow,0.6412,red,0.7433,orange,0.9379,yellow,0.0813,red,0.0176,red,0.3539,yellow,0.5354,yellow,0.9333,yellow,0.581,green,0.253,orange,0.0372,yellow,0.5629,yellow,0.7705,yellow,0.3242,orange,0.1335,orange,0.2357,yellow
4216800,0.1491,green,0.3959,orange,0.2012,green,0.0,red,0.6444,red,0.3899,green,0.0763,red,0.1503,red,0.3231,red,0.1003,green,0.1977,orange,0.2901,red,0.246,orange,0.1906,orange,0.1302,orange,0.8568,green,0.4082,red,0.3839,yellow,0.3122,orange,0.3494,orange,0.7795,red,0.0,orange,0.6045,red,0.2446,orange,0.1447,yellow,0.3061,orange,0.5875,red,0.1004,red,0.5092,red,0.0017,green,0.1001,red,0.031,green,0.4133,orange,0.5535,yellow,0.5191,red,0.0515,yellow,0.0399,red,0.0857,red,0.9824,green,0.8959,green,0.0,red,0.0301,red,0.0019,red,0.8096,red,0.1326,red,0.9452,yellow,0.6313,green,0.4976,red,0.0084,red,0.6173,orange,0.2106,red,0.0526,red,0.1073,red,0.3899,green
4216909,0.24,red,0.3569,orange,0.5555,red,0.0,red,0.4486,orange,0.1171,orange,0.1721,orange,0.0341,yellow,0.1692,yellow,0.0084,red,0.1062,yellow,0.0458,green,0.1189,yellow,0.2975,yellow,0.249,green,0.6793,yellow,0.5203,red,0.4931,orange,0.2573,orange,0.2394,yellow,0.4666,red,0.131,red,0.426,orange,0.2377,orange,0.1586,yellow,0.1035,red,0.0489,green,0.2489,orange,1.0,green,0.1139,orange,0.1184,red,0.2217,orange,0.1541,green,0.4165,red,0.3326,orange,0.0612,yellow,0.5404,green,0.1302,orange,0.8331,yellow,0.8495,yellow,0.9556,green,0.6601,green,0.0423,orange,0.3261,yellow,0.3637,orange,0.8417,orange,0.2558,red,0.1598,yellow,0.0637,green,0.4888,yellow,0.8555,yellow,0.6889,green,0.2244,yellow,0.1919,yellow
4217006,0.2292,orange,0.4006,orange,0.488,orange,0.0,red,0.4589,orange,0.071,red,0.0912,red,0.026,yellow,0.199,yellow,0.0079,red,0.0793,yellow,0.0809,yellow,0.1071,yellow,0.2283,yellow,0.1718,yellow,0.5283,red,0.1052,yellow,0.4227,yellow,0.2886,orange,0.3618,orange,0.3927,orange,0.0,orange,0.4583,orange,0.2784,red,0.1462,yellow,0.5916,green,0.0024,green,0.1922,orange,0.7843,red,0.0286,orange,0.202,yellow,0.0593,green,0.2631,yellow,0.2908,red,0.2851,yellow,0.1376,orange,0.3721,yellow,0.1069,red,0.8925,green,0.8209,yellow,0.9137,orange,0.2198,yellow,0.6671,green,0.5059,orange,0.6553,green,0.6006,red,0.2577,red,0.184,yellow,0.0256,yellow,0.4543,yellow,0.7851,yellow,0.6847,green,0.2197,yellow,0.6322,green
4217105,0.1821,yellow,0.4689,red,0.8424,red,0.0,red,0.5574,red,0.1343,yellow,0.2033,yellow,0.0928,red,0.0902,green,0.0853,green,0.0803,yellow,0.1049,yellow,0.1423,yellow,0.3567,green,0.0479,red,0.3656,red,0.0889,green,0.3134,green,0.242,orange,0.4249,red,0.1494,green,0.0,orange,0.2307,green,0.1168,green,0.0,green,0.5081,green,0.9078,red,0.4064,yellow,1.0,green,0.0064,yellow,0.8154,green,0.125,orange,0.4406,orange,0.8003,green,0.1528,green,0.1153,orange,0.1373,red,0.1678,orange,0.774,orange,0.686,red,0.9223,yellow,0.0437,red,0.165,green,0.1631,green,0.6363,green,0.963,green,0.7386,green,0.1878,yellow,0.1165,green,0.4047,green,0.1655,red,0.3522,yellow,0.4065,green,0.0905,orange
4217154,0.2348,red,0.4405,red,0.3256,yellow,0.0,red,0.1839,green,0.0696,red,0.0,red,0.1055,red,0.3008,red,0.0303,yellow,0.4918,red,0.583,red,0.3825,red,0.3851,green,0.0357,red,0.6251,orange,0.0997,yellow,0.1601,green,0.0813,green,0.3863,red,0.4619,red,0.0,orange,0.4834,orange,0.5611,red,0.0,green,0.5287,green,0.338,yellow,0.7785,green,1.0,green,0.4857,red,0.3466,green,0.5781,red,0.1989,green,0.7753,green,0.3277,orange,0.1635,orange,0.4214,yellow,0.2157,yellow,0.7397,orange,0.7965,yellow,0.9482,green,0.0726,red,0.0642,yellow,0.1785,green,0.3628,orange,0.9882,green,0.6031,green,0.0,green,0.0231,orange,0.554,yellow,0.8566,yellow,0.036,red,0.2268,yellow,0.0748,red
4217204,0.1967,orange,0.4293,red,0.4865,orange,0.0,red,0.4428,orange,0.2543,green,0.2362,yellow,0.0173,green,0.2122,orange,0.0039,red,0.1004,yellow,0.0801,yellow,0.1383,yellow,0.1689,orange,0.4037,green,0.5298,orange,0.0832,green,0.4647,orange,0.2067,yellow,0.2938,orange,0.3351,yellow,0.0384,orange,0.3721,yellow,0.2434,orange,0.1526,yellow,0.2849,red,0.1781,green,0.1574,red,0.8547,orange,0.2587,red,0.2074,yellow,0.3712,red,0.2371,yellow,0.5778,yellow,0.205,green,0.0977,orange,0.7232,green,0.1747,orange,0.8406,yellow,0.8959,green,0.9418,yellow,0.1202,orange,0.0172,red,0.3429,yellow,0.6672,green,0.6706,orange,0.3462,orange,0.2577,orange,0.0119,orange,0.8466,red,0.7957,yellow,0.5901,green,0.103,red,0.4856,green
4217253,0.2348,red,0.1935,green,0.3142,yellow,0.0,red,0.5134,red,0.0489,red,0.1282,red,0.0152,green,0.183,yellow,0.0412,yellow,0.166,orange,0.0,green,0.2508,orange,0.1416,orange,0.1327,orange,0.5413,orange,0.0527,green,0.411,yellow,0.0702,green,0.3178,orange,0.0,green,0.0,orange,0.0,green,0.0,green,0.3268,red,0.2857,red,0.2885,yellow,0.1639,red,0.9471,orange,0.1003,orange,0.3253,green,0.327,red,0.2437,yellow,0.6645,green,0.0954,green,1.0,red,0.73,green,0.0355,red,0.8769,yellow,0.8747,green,0.7826,red,0.2207,yellow,0.0126,red,0.2472,yellow,0.8063,green,0.962,green,0.815,green,0.2578,orange,0.0109,red,0.388,green,0.7781,yellow,0.0269,red,0.4475,green,0.0731,red
4217303,0.2433,red,0.4737,red,0.7484,red,0.0216,red,0.3875,yellow,0.1488,yellow,0.0872,red,0.0695,orange,0.3226,red,0.0152,orange,0.1851,orange,0.0741,yellow,0.3142,red,0.1441,orange,0.1452,yellow,0.4476,red,0.0594,green,0.3951,yellow,0.0842,green,0.3739,red,0.299,yellow,0.0,orange,0.4689,orange,0.2086,orange,0.0,green,0.4576,yellow,0.2873,yellow,0.1966,orange,1.0,green,0.3918,red,0.2282,yellow,0.3244,red,0.2456,yellow,0.5571,yellow,0.2065,green,0.0669,yellow,0.285,orange,0.0548,red,0.9431,green,0.8918,green,0.9044,orange,0.1,orange,0.0704,yellow,0.2459,yellow,0.6036,green,0.8667,yellow,0.226,red,0.4338,red,0.187,green,0.3248,green,0.8123,yellow,0.5019,green,0.1129,red,0.0733,red
4217402,0.2283,orange,0.3618,orange,0.3144,yellow,0.0,red,0.4609,orange,0.035,red,0.097,red,0.0018,green,0.1894,yellow,0.0155,orange,0.0597,green,0.0879,yellow,0.081,green,0.1932,orange,0.2453,green,0.6395,orange,0.0703,green,0.4459,orange,0.1479,green,0.1884,green,0.3054,yellow,0.1601,red,0.3084,yellow,0.226,orange,0.0906,yellow,0.55,green,0.0401,green,0.1165,red,0.874,orange,0.037,orange,0.2059,yellow,0.1599,orange,0.1283,green,0.3947,red,0.1393,green,0.1026,orange,0.6647,green,0.1024,red,0.7078,orange,0.8145,yellow,0.8907,red,0.122,orange,0.0482,yellow,0.1873,green,0.293,red,0.5161,red,0.3538,orange,0.1336,green,0.0079,red,0.8317,red,0.9116,green,0.3262,orange,0.3358,green,0.3951,green
4217501,0.2654,red,0.4256,red,0.5994,red,0.0,red,0.3708,yellow,0.0668,red,0.2492,yellow,0.0505,yellow,0.1811,yellow,0.0162,orange,0.1014,yellow,0.0995,yellow,0.1322,yellow,0.0972,red,0.161,yellow,0.4351,red,0.1494,yellow,0.3824,yellow,0.4092,red,0.3858,red,0.3597,orange,0.0884,red,0.3161,yellow,0.2519,orange,0.106,yellow,0.317,orange,0.2054,green,0.2739,yellow,1.0,green,0.3634,red,0.3079,green,0.4796,red,0.3687,orange,0.604,yellow,0.3082,yellow,0.1123,orange,0.5242,green,0.0962,red,0.8821,yellow,0.823,yellow,0.9173,orange,0.07,red,0.0154,red,0.2464,yellow,0.414,orange,0.7677,orange,0.3778,orange,0.3346,red,0.0858,green,0.9776,red,0.6224,orange,0.7288,green,0.1206,orange,0.1143,orange
4217550,0.2348,red,0.1031,green,0.3056,green,0.0,red,0.4286,orange,0.1595,yellow,0.2014,yellow,0.0657,orange,0.1882,yellow,0.0195,orange,0.0,green,0.0,green,0.0,green,0.4287,green,0.0941,orange,0.4662,red,0.1436,yellow,0.3319,green,0.0,green,0.2858,orange,0.2112,green,0.0,orange,0.3145,yellow,0.2421,orange,0.0,green,0.6308,green,0.0774,green,0.3985,yellow,1.0,green,0.2511,red,0.1605,orange,0.3024,red,0.1584,green,0.9738,green,0.3392,orange,0.0687,yellow,0.4812,yellow,0.2819,green,0.9456,green,0.8844,green,0.9482,green,0.2566,green,0.0907,green,0.1357,green,0.576,green,0.8972,yellow,0.4683,yellow,0.0894,green,0.091,green,0.7636,red,0.8015,yellow,0.3264,orange,0.3179,green,0.0804,orange
4217600,0.1675,yellow,0.3932,orange,0.4155,orange,0.0,red,0.4797,orange,0.0928,orange,0.1807,orange,0.1578,red,0.3249,red,0.0333,yellow,0.1055,yellow,0.0513,yellow,0.1176,yellow,0.2845,yellow,0.1744,yellow,0.5239,red,0.2152,orange,0.4307,yellow,0.2642,orange,0.1993,green,0.3817,orange,0.0,orange,0.3313,yellow,0.0832,green,0.4074,red,0.2998,orange,0.4375,orange,0.2038,orange,1.0,green,0.0021,green,0.2241,yellow,0.1576,orange,0.5115,red,0.5517,yellow,0.2892,yellow,0.2261,red,0.2058,red,0.227,yellow,0.9212,green,0.9388,green,0.9534,green,0.0993,orange,0.2882,green,0.5487,red,0.3691,orange,0.2604,red,0.2505,red,0.1466,green,0.0053,red,0.983,red,0.896,green,0.4185,yellow,0.3683,green,0.6918,green
4217709,0.1956,orange,0.3028,yellow,0.3674,yellow,0.0,red,0.4226,orange,0.0782,orange,0.1308,red,0.0135,green,0.1353,green,0.0014,red,0.154,orange,0.1522,orange,0.1942,orange,0.149,orange,0.2278,yellow,0.7394,yellow,0.6219,red,0.4277,yellow,0.1904,yellow,0.2962,orange,0.3573,orange,0.0523,orange,0.3862,orange,0.1705,yellow,0.2114,orange,0.2912,red,0.1705,green,0.1085,red,0.8386,red,0.0109,yellow,0.1064,red,0.1373,orange,0.4041,orange,0.4602,orange,0.2859,yellow,0.1105,orange,0.5095,yellow,0.1675,orange,0.5787,red,0.8106,yellow,0.8485,red,0.0551,red,0.0354,orange,0.4941,orange,0.6054,green,0.6773,orange,0.6218,green,0.1996,yellow,0.017,orange,0.5476,yellow,0.5948,orange,0.3878,yellow,0.2869,green,0.1711,yellow
4217758,0.2348,red,0.1082,green,0.1863,green,0.0,red,0.3959,yellow,0.04,red,0.2557,yellow,0.1067,red,0.2369,orange,0.0339,yellow,0.0,green,0.0,green,0.0,green,0.4394,green,0.0353,red,0.5841,orange,0.2124,orange,0.6373,red,0.2639,orange,0.0921,green,0.2398,green,0.0,orange,0.251,green,0.1875,yellow,0.0,green,0.568,green,0.501,red,0.5138,green,1.0,green,0.0699,orange,0.2214,yellow,0.4751,red,0.4039,orange,0.7642,green,0.4799,red,0.0602,yellow,0.6336,green,0.6302,green,0.9625,green,0.7204,orange,0.9689,green,0.0571,red,0.031,orange,0.0291,green,0.4513,yellow,0.9822,green,0.5598,green,0.1232,green,0.1046,green,0.1413,green,0.8372,yellow,0.1382,red,0.1817,yellow,0.0639,red
4217808,0.1725,yellow,0.3963,orange,0.3921,yellow,0.0112,red,0.3439,green,0.1452,yellow,0.1463,orange,0.0523,yellow,0.3075,red,0.0485,yellow,0.0805,yellow,0.0392,green,0.1155,yellow,0.1743,orange,0.1818,yellow,0.6931,yellow,0.1692,orange,0.2515,green,0.1933,yellow,0.1856,green,0.3185,yellow,0.0,orange,0.3987,orange,0.1923,yellow,0.3429,red,0.3888,orange,0.3948,orange,0.1559,red,0.9883,orange,0.0086,yellow,0.2885,green,0.0399,green,0.3681,orange,0.5613,yellow,0.3332,orange,0.057,yellow,0.3661,orange,0.1598,orange,0.9104,green,0.7407,orange,0.9029,orange,0.096,orange,0.0381,orange,0.2613,yellow,0.6281,green,0.6915,orange,0.2866,red,0.2242,yellow,0.032,yellow,0.6215,orange,0.6602,orange,0.469,yellow,0.1699,orange,0.3761,green
4217907,0.113,green,0.3927,orange,0.3673,yellow,0.0,red,0.4147,yellow,0.0865,orange,0.162,orange,0.0723,orange,0.2902,orange,0.0361,yellow,0.0256,green,0.0,green,0.0538,green,0.2184,yellow,0.167,yellow,0.477,red,0.112,yellow,0.5667,red,0.0866,green,0.2912,orange,0.49,red,0.0,orange,0.4805,orange,0.243,orange,0.2945,orange,0.5276,green,0.204,green,0.3457,yellow,1.0,green,0.0036,green,0.0825,red,0.324,red,0.2843,yellow,0.6148,yellow,0.2575,yellow,0.0708,yellow,0.3918,yellow,0.2824,green,0.7557,orange,0.638,red,0.9482,green,0.3949,green,0.0574,yellow,0.1873,green,0.4058,orange,0.6947,orange,0.2967,red,0.1398,green,0.0701,green,0.6112,orange,0.5465,orange,0.441,yellow,0.08,red,0.5878,green
4217956,0.2348,red,0.45,red,0.0562,green,0.0,red,0.2409,green,0.0821,orange,0.4171,green,0.0721,orange,0.1747,yellow,0.0171,orange,0.1267,yellow,0.1533,orange,0.1006,yellow,0.5853,green,0.0447,red,0.5955,orange,0.0711,green,0.2152,green,0.1497,green,0.6991,red,0.3881,orange,0.0,orange,0.2723,green,0.0,green,0.0,green,0.7546,green,0.7662,red,0.7742,green,0.8117,red,0.2599,red,0.3447,green,0.5798,red,0.1006,green,0.5531,yellow,0.3903,orange,0.0438,green,0.4581,yellow,0.6475,green,0.9049,green,0.845,yellow,0.9482,green,0.1187,orange,0.077,yellow,0.5751,red,0.8531,green,0.9898,green,0.7506,green,0.5299,red,0.0209,orange,0.8317,red,0.5518,orange,0.1116,red,0.2269,yellow,0.0251,red
4218004,0.2406,red,0.3339,yellow,0.4683,orange,0.0554,red,0.4328,orange,0.1513,yellow,0.3481,green,0.0137,green,0.2427,orange,0.0072,red,0.4332,red,0.4201,red,0.509,red,0.1239,red,0.3119,green,0.7434,green,0.2626,orange,0.3851,yellow,0.609,red,0.2452,yellow,0.3049,yellow,0.0631,orange,0.3114,yellow,0.1829,yellow,0.5326,red,0.2129,red,0.377,orange,0.1779,red,1.0,green,0.3485,red,0.1083,red,0.2434,red,0.4005,orange,0.3248,red,0.3264,yellow,0.2802,red,0.209,red,0.0589,red,0.3583,red,0.6133,red,0.7624,red,0.1328,orange,0.0254,orange,0.6452,red,0.4399,yellow,0.7602,orange,0.4035,orange,0.2471,orange,0.0177,orange,0.3315,green,0.9713,green,0.6136,green,0.1755,yellow,0.1989,yellow
4218103,0.1943,orange,0.4418,red,0.6197,red,0.0,red,0.5095,red,0.1034,orange,0.2243,yellow,0.0463,yellow,0.1766,yellow,0.1128,green,0.144,orange,0.1335,orange,0.1748,yellow,0.3751,green,0.0838,orange,0.6705,yellow,0.2849,red,0.4407,orange,0.2635,orange,0.4362,red,0.1806,green,0.0,orange,0.3018,yellow,0.0984,green,0.0,green,0.3094,orange,0.3819,orange,0.3067,yellow,0.4337,red,0.0007,green,0.3101,green,0.0247,green,0.4575,red,0.5346,yellow,0.3845,orange,0.1385,orange,0.3597,orange,0.3156,green,0.6229,red,0.7854,yellow,0.8706,red,0.4885,green,0.0613,yellow,0.3151,yellow,0.3661,orange,0.8416,orange,0.4801,yellow,0.2199,yellow,0.3544,green,0.1526,green,0.6499,orange,0.1478,red,0.2514,yellow,0.046,red
4218202,0.1785,yellow,0.345,yellow,0.393,yellow,0.0049,red,0.471,orange,0.1081,orange,0.1574,orange,0.006,green,0.3174,red,0.0032,red,0.0606,green,0.0314,green,0.0681,green,0.1361,orange,0.3303,green,0.5147,red,0.0856,green,0.3765,yellow,0.2018,yellow,0.203,yellow,0.3528,orange,0.0441,orange,0.41,orange,0.2194,orange,0.1759,yellow,0.5698,green,0.2267,green,0.1479,red,0.9971,yellow,0.2041,orange,0.1222,red,0.0637,yellow,0.1305,green,0.5715,yellow,0.1429,green,0.1452,orange,0.3722,yellow,0.2013,yellow,0.5089,red,0.7956,yellow,0.9035,orange,0.3567,green,1.0,green,0.2098,green,0.5772,green,0.6312,red,0.2229,red,0.1342,green,0.0169,orange,0.6399,orange,0.9785,green,0.6854,green,0.1946,yellow,0.8343,green
4218251,0.2766,red,0.2454,green,0.4767,orange,0.0,red,0.2495,green,0.1071,orange,0.0819,red,0.0774,orange,0.3413,red,0.095,green,0.3346,red,0.5095,red,0.4241,red,0.0683,red,0.0455,red,1.0,green,0.3891,red,0.65,red,0.2789,orange,0.2638,yellow,0.6034,red,0.0,orange,0.5985,red,0.3474,red,0.16,yellow,0.3944,orange,0.1327,green,0.1337,red,0.9207,orange,0.001,green,0.1964,orange,0.0,green,0.6955,red,0.2045,red,1.0,red,0.0484,green,0.0953,red,0.1342,orange,0.3877,red,0.3499,red,0.6824,red,0.384,green,0.0505,yellow,0.0388,green,0.1095,red,0.5672,red,0.2384,red,0.227,yellow,0.011,red,0.5989,orange,0.6513,orange,0.3261,orange,0.1133,red,0.0327,red
4218301,0.1709,yellow,0.1967,green,0.436,orange,0.0103,red,0.3761,yellow,0.086,orange,0.1486,orange,0.0542,orange,0.1308,green,0.0244,orange,0.2808,red,0.2229,red,0.3523,red,0.1956,orange,0.2111,yellow,0.8747,green,0.2539,orange,0.5584,red,0.4327,red,0.1926,green,0.3759,orange,0.0743,orange,0.4156,orange,0.1415,yellow,0.3237,red,0.3229,orange,0.4371,orange,0.4261,green,1.0,green,0.0018,green,0.1619,orange,0.0136,green,0.5118,red,0.2879,red,0.6591,red,0.2163,red,0.4427,yellow,0.2162,yellow,0.6776,red,0.7554,orange,0.9178,orange,0.1076,orange,0.0467,yellow,0.4989,orange,0.2926,red,0.6324,red,0.068,red,0.1661,yellow,0.0403,yellow,0.8436,red,0.934,green,0.5212,green,0.0909,red,0.2467,yellow
4218350,0.1748,yellow,0.2955,green,0.6203,red,0.0,red,0.3589,yellow,0.1793,yellow,0.1065,red,0.0368,yellow,0.3099,red,0.0742,green,0.1263,yellow,0.0,green,0.1211,yellow,0.2431,yellow,0.0743,orange,0.6514,yellow,0.1545,orange,0.4519,orange,0.1817,yellow,0.1237,green,0.4698,red,0.0,orange,0.6063,red,0.2094,orange,0.0,green,0.5729,green,0.3549,yellow,0.4791,green,0.9833,orange,0.001,green,0.1264,red,0.292,red,0.278,yellow,0.6486,green,0.1667,green,0.0759,yellow,0.5429,green,0.0,red,0.7869,orange,0.9371,green,0.9223,yellow,0.2913,green,0.164,green,0.5606,red,0.4276,yellow,0.8111,orange,0.0192,red,0.0,green,0.0,red,0.4009,green,0.4677,orange,0.7307,green,0.272,green,0.0174,red
4218400,0.1445,green,0.3151,yellow,0.5026,red,0.0,red,0.6453,red,0.1297,yellow,0.191,yellow,0.0361,yellow,0.1858,yellow,0.0162,orange,0.0698,green,0.0991,yellow,0.0968,yellow,0.409,green,0.1055,orange,0.7032,yellow,0.2171,orange,0.3635,yellow,0.7676,red,0.0958,green,0.3787,orange,0.0,orange,0.3883,orange,0.1933,orange,0.4284,red,0.2488,red,0.4428,orange,0.1797,orange,1.0,green,0.0015,green,0.3512,green,0.0737,yellow,0.3366,orange,0.5587,yellow,0.3306,orange,0.0817,yellow,0.1553,red,0.085,red,0.6527,red,0.7274,orange,0.9068,orange,0.0747,red,0.1766,green,0.5813,red,0.469,yellow,0.8411,orange,0.1618,red,0.2069,yellow,0.2475,green,0.6104,orange,0.3618,red,0.4451,yellow,0.0788,red,0.1415,orange
4218509,0.2696,red,0.3901,orange,0.5906,red,0.0,red,0.4559,orange,0.083,orange,0.2148,yellow,0.0674,orange,0.1537,yellow,0.0186,orange,0.0894,yellow,0.0,green,0.1163,yellow,0.2519,yellow,0.1789,yellow,0.4905,red,0.1416,yellow,0.305,green,0.3828,red,0.407,red,0.1788,green,0.188,red,0.2808,green,0.0718,green,0.0,green,0.6028,green,0.0176,green,0.2581,yellow,0.9385,orange,0.0324,orange,0.0728,red,0.0389,green,0.1412,green,0.4941,orange,0.2321,green,0.044,green,0.2906,orange,0.1473,orange,0.8754,yellow,0.8994,green,0.8965,orange,1.0,green,0.2428,green,0.5941,red,0.5177,yellow,0.6971,orange,0.264,red,0.2651,orange,0.0144,orange,0.4859,yellow,0.8303,yellow,0.9179,green,0.0607,red,0.2739,yellow
4218608,0.1511,green,0.2513,green,0.2001,green,0.0,red,0.4139,yellow,0.3123,green,0.1355,red,0.0431,yellow,0.5265,red,0.0111,orange,0.2099,red,0.0996,yellow,0.1927,orange,0.1146,red,0.15,yellow,0.5309,orange,0.0234,green,0.4014,yellow,0.0645,green,0.3127,orange,0.3556,orange,0.0,orange,0.4217,orange,0.1934,orange,0.2522,orange,0.4891,yellow,0.63,red,0.1716,red,0.9577,orange,0.0153,yellow,0.1791,orange,0.0,green,0.2055,green,0.5924,yellow,0.3099,yellow,0.0306,green,0.0519,red,0.1766,orange,0.8709,yellow,0.7465,orange,0.9153,orange,0.0846,red,0.2158,green,0.39,orange,0.4861,yellow,0.808,orange,0.2144,red,0.1992,yellow,0.0109,red,0.5628,yellow,0.7812,yellow,0.458,yellow,0.1449,orange,0.1764,yellow
4218707,0.227,orange,0.3881,orange,0.3981,yellow,0.0579,red,0.5448,red,0.2117,green,0.1922,yellow,0.0119,green,0.0649,green,0.0013,red,0.1277,yellow,0.1354,orange,0.1468,yellow,0.0339,red,0.5578,green,0.7139,yellow,0.2354,orange,0.5386,red,0.3123,orange,0.1746,green,0.2951,yellow,0.0821,orange,0.3445,yellow,0.2023,orange,0.4934,red,0.3747,orange,0.4134,orange,0.0828,red,0.9699,orange,0.0076,yellow,0.171,orange,0.2342,red,0.4418,red,0.5658,yellow,0.1963,green,0.2512,red,0.3775,yellow,0.2662,yellow,0.9366,green,0.855,yellow,0.9285,yellow,0.0708,red,0.0207,red,0.5346,orange,0.6551,green,0.2834,red,0.4533,yellow,0.2273,yellow,0.0089,red,0.3776,green,0.9879,green,0.6083,green,0.1157,red,0.514,green
4218756,0.1038,green,0.2898,green,0.4477,orange,0.0,red,0.3448,green,0.0671,red,0.2866,green,0.1162,red,0.3597,red,0.0245,orange,0.0,green,0.0,green,0.0,green,0.276,yellow,0.0725,orange,0.2706,red,0.017,green,0.4404,orange,0.052,green,0.2959,orange,0.6168,red,0.0,orange,0.575,red,0.3855,red,0.1361,yellow,0.618,green,0.3127,yellow,0.4166,yellow,0.9243,orange,0.257,red,0.223,yellow,0.3975,red,0.0219,green,0.7377,green,0.0532,green,0.0324,green,0.4008,yellow,0.1537,orange,0.6338,red,0.7389,orange,0.9482,green,0.1599,yellow,0.0177,red,0.156,green,0.3966,orange,0.9796,green,0.6593,green,0.1283,green,0.0938,green,0.1896,green,0.7184,yellow,0.2481,orange,0.2434,yellow,0.2015,yellow
4218806,0.142,green,0.2983,yellow,0.6867,red,0.0,red,0.3348,green,0.1303,yellow,0.1404,orange,0.0978,red,0.0747,green,0.0081,red,0.0562,green,0.1105,yellow,0.1452,yellow,0.3714,green,0.1986,yellow,0.6721,yellow,0.6966,red,0.3838,yellow,0.2074,yellow,0.2463,yellow,0.4615,red,0.1401,red,0.5092,red,0.2516,orange,0.2428,orange,0.2153,red,0.2699,yellow,0.1654,red,0.905,orange,0.0028,green,0.1989,yellow,0.1195,orange,0.5774,red,0.5037,orange,0.2814,yellow,0.1487,orange,0.134,red,0.1393,orange,0.6663,red,0.8065,yellow,0.9223,yellow,0.246,green,0.0339,orange,0.3085,yellow,0.5563,green,0.5797,red,0.3235,red,0.2923,orange,0.0367,yellow,0.5473,yellow,0.6891,yellow,0.5711,green,0.2122,yellow,0.3324,green
4218855,0.2348,red,0.6882,red,0.2515,green,0.0,red,0.388,yellow,0.0755,red,0.2194,yellow,0.1048,red,0.1949,yellow,0.02,orange,0.1076,yellow,0.0,green,0.0845,green,0.4339,green,0.0492,red,0.635,orange,0.2993,red,0.3895,yellow,0.155,yellow,0.3527,orange,0.0,green,0.0,orange,0.0,green,0.0,green,0.0,green,0.5075,yellow,0.4304,orange,0.5549,green,1.0,green,0.2494,red,0.2219,yellow,0.2781,red,0.3005,orange,0.8277,green,0.363,orange,0.0889,yellow,0.9229,green,0.2881,green,0.8648,yellow,0.8971,green,0.9482,green,0.1492,yellow,0.0179,red,0.2525,yellow,0.4257,orange,0.9887,green,0.6777,green,0.3492,red,0.0625,green,0.7296,red,0.5666,orange,0.122,red,0.2534,yellow,0.0838,orange
4218905,0.2173,orange,0.4082,orange,0.3142,yellow,0.0,red,0.4065,yellow,0.2343,green,0.2102,yellow,0.0707,orange,0.2111,orange,0.2023,green,0.2116,red,0.1288,orange,0.2741,red,0.0877,red,0.2814,green,0.8316,green,0.0959,yellow,0.4348,orange,0.2883,orange,0.3681,red,0.4744,red,0.156,red,0.5613,red,0.2308,orange,0.224,orange,0.1941,red,0.4075,orange,0.177,red,1.0,green,0.0017,green,0.2494,yellow,0.0709,yellow,0.6262,red,0.3955,red,0.5003,red,0.0944,yellow,0.0,red,0.1438,orange,0.8973,green,0.758,orange,0.6389,red,0.0748,red,0.0233,orange,0.8532,red,0.391,orange,0.3775,red,0.5602,green,0.2918,orange,0.028,yellow,0.5144,yellow,0.6298,orange,0.2073,orange,0.1379,orange,0.2831,green
4218954,0.0722,green,0.5166,red,0.3968,yellow,0.0,red,0.5851,red,0.0747,red,0.0908,red,0.1407,red,0.1051,green,0.3288,green,0.2378,red,0.1344,orange,0.1837,orange,0.2937,yellow,0.0418,red,0.9469,green,0.6554,red,0.5552,red,0.6812,red,0.0908,green,0.7173,red,0.8148,red,0.7507,red,0.4956,red,0.4861,red,0.2046,red,0.296,yellow,0.4811,green,0.9684,orange,0.0,green,0.2285,yellow,0.0514,green,0.3073,orange,0.6329,green,0.5619,red,0.1455,orange,0.6297,green,0.2874,green,0.7844,orange,0.7301,orange,0.9612,green,0.2267,yellow,0.0109,red,0.8691,red,0.2805,red,0.9788,green,0.727,green,0.0,green,0.0049,red,0.5194,yellow,0.6313,orange,0.1975,red,0.5519,green,0.1548,yellow
4219002,0.3399,red,0.3604,orange,0.4392,orange,0.0,red,0.487,red,0.1222,orange,0.1287,red,0.0194,green,0.2896,orange,0.0148,orange,0.1169,yellow,0.1014,yellow,0.1107,yellow,0.1133,red,0.186,yellow,0.663,yellow,0.2027,orange,0.4191,yellow,0.4547,red,0.2417,yellow,0.3414,orange,0.1176,red,0.3921,orange,0.1487,yellow,0.2674,orange,0.3771,orange,0.5692,red,0.2337,orange,1.0,green,0.0047,green,0.2378,yellow,0.2189,orange,0.3028,orange,0.6808,green,0.1578,green,0.1691,red,0.3433,orange,0.1274,orange,0.7835,orange,0.9009,green,0.9154,orange,0.0525,red,0.4727,green,0.4394,orange,0.484,yellow,0.6036,red,0.3212,red,0.0948,green,0.0114,red,0.1457,green,0.9038,green,0.5082,green,0.1362,orange,0.3874,green
4219101,0.1585,green,0.4556,red,0.3671,yellow,0.0,red,0.3837,yellow,0.2417,green,0.11,red,0.0835,orange,0.2314,orange,0.029,yellow,0.0,green,0.0983,yellow,0.1289,yellow,0.3259,green,0.0804,orange,0.5819,orange,0.4673,red,0.3444,green,0.115,green,0.127,green,0.278,yellow,0.0,orange,0.2512,green,0.0,green,0.1755,yellow,0.4405,yellow,0.3925,orange,0.5914,green,1.0,green,0.0122,yellow,0.2243,yellow,0.0918,yellow,0.0737,green,0.6211,green,0.5327,red,0.0616,yellow,0.6143,green,0.3844,green,0.7819,orange,0.8151,yellow,0.9689,green,0.0848,red,0.0393,orange,0.3363,yellow,0.2777,red,0.8932,yellow,0.3658,orange,0.4896,red,0.0599,yellow,0.5043,yellow,0.5911,orange,0.5706,green,0.1597,orange,0.0591,red
4219150,0.1969,orange,0.2556,green,0.2413,green,0.0,red,0.4626,orange,0.4622,green,0.4324,green,0.1158,red,0.2133,orange,0.1136,green,0.4239,red,0.545,red,0.4467,red,0.1512,orange,0.093,orange,0.519,red,0.0677,green,0.4406,orange,0.0642,green,0.5607,red,0.8759,red,0.0,orange,0.9167,red,0.3996,red,0.2437,orange,0.4972,yellow,0.5786,red,0.7188,green,1.0,green,0.007,yellow,0.2281,yellow,0.0777,yellow,0.2922,yellow,0.3678,red,0.5488,red,0.0859,yellow,0.5496,green,0.0,red,0.7354,orange,0.6804,red,0.7929,red,0.1528,yellow,0.0142,red,0.4698,orange,0.3824,orange,0.9565,yellow,0.3593,orange,0.1197,green,0.0271,yellow,1.0,red,0.7699,yellow,0.2875,orange,0.203,yellow,0.0094,red
4219176,0.1297,green,0.314,yellow,0.3146,yellow,0.0,red,0.3572,yellow,0.4719,green,0.2001,yellow,0.0647,orange,0.1831,yellow,0.074,green,0.1705,orange,0.078,yellow,0.1546,yellow,0.5341,green,0.08,orange,0.5423,orange,0.4159,red,0.5381,red,0.5971,red,0.248,yellow,0.4648,red,0.0,orange,0.4864,orange,0.3663,red,0.2754,orange,0.5242,green,0.1496,green,0.5349,green,0.9563,orange,0.0072,yellow,0.2299,yellow,0.1897,orange,0.3641,orange,0.292,red,0.617,red,0.0327,green,0.2732,orange,0.1511,orange,0.9605,green,0.8371,yellow,0.9379,yellow,0.2276,yellow,0.0578,yellow,0.4601,orange,0.2574,red,0.9224,yellow,0.2216,red,0.1947,yellow,0.0324,yellow,0.646,orange,0.7662,yellow,0.7417,green,0.057,red,0.1993,yellow
4219200,0.1823,yellow,0.3983,orange,0.2965,green,0.0,red,0.8812,red,0.1404,yellow,0.1092,red,0.1426,red,0.2643,orange,0.0762,green,0.2043,orange,0.0577,yellow,0.1866,orange,0.142,orange,0.142,yellow,0.6876,yellow,0.4047,red,0.286,green,0.4141,red,0.2147,yellow,0.282,yellow,0.0,orange,0.2818,green,0.1264,green,0.1982,orange,0.3534,orange,0.3096,yellow,0.367,yellow,1.0,green,0.0123,yellow,0.0758,red,0.0209,green,0.1667,green,0.4075,red,0.231,green,0.0592,yellow,0.3372,orange,0.3534,green,0.7081,orange,0.7174,orange,0.9718,green,0.0668,red,0.0104,red,0.1565,green,0.3561,orange,0.7145,orange,0.3338,red,0.1421,green,0.0252,yellow,0.5893,orange,0.3019,red,0.1949,red,0.0336,red,0.1493,orange
4219309,0.1833,yellow,0.3131,yellow,0.5352,red,0.0,red,0.4591,orange,0.1745,yellow,0.1543,orange,0.0239,yellow,0.1858,yellow,0.0055,red,0.1276,yellow,0.0999,yellow,0.1795,orange,0.1311,orange,0.2864,green,0.4363,red,0.1511,yellow,0.5091,orange,0.345,red,0.2831,orange,0.3064,yellow,0.0291,orange,0.3172,yellow,0.1571,yellow,0.3778,red,0.2633,red,0.0977,green,0.1099,red,0.458,red,0.0112,yellow,0.1411,orange,0.1294,orange,0.07,green,0.42,orange,0.3111,yellow,0.0739,yellow,0.4875,yellow,0.2061,yellow,0.8584,yellow,0.8689,green,0.8847,red,0.0804,red,0.0413,orange,0.435,orange,0.564,green,0.4893,red,0.3452,orange,0.1957,yellow,0.0299,yellow,0.7644,red,0.9293,green,0.7221,green,0.1934,yellow,0.438,green
4219358,0.2909,red,0.3622,orange,0.4343,orange,0.0,red,0.404,yellow,0.0588,red,0.1425,orange,0.0473,yellow,0.3056,red,0.1153,green,0.141,orange,0.1387,orange,0.2315,orange,0.129,red,0.0729,orange,0.8239,green,0.2172,orange,0.307,green,0.2037,yellow,0.3174,orange,0.2445,green,0.2588,red,0.2063,green,0.0448,green,0.1284,yellow,0.47,yellow,0.2856,yellow,0.2727,yellow,1.0,green,0.0014,green,0.2106,yellow,0.0266,green,0.5141,red,0.5212,yellow,0.4676,red,0.0989,orange,0.6127,green,0.2033,yellow,0.545,red,0.5495,red,0.9362,yellow,0.0582,red,0.0136,red,0.4363,orange,0.1966,red,0.8683,yellow,0.5693,green,0.2444,orange,0.0691,green,0.4028,green,0.3286,red,0.2882,orange,0.0847,red,0.1362,orange
4219408,0.2012,orange,0.2359,green,0.2925,green,0.0,red,0.38,yellow,0.2388,green,0.1523,orange,0.0685,orange,0.3732,red,0.0373,yellow,0.0,green,0.0839,yellow,0.0551,green,0.1533,orange,0.0641,red,0.3469,red,0.2278,orange,0.5438,red,0.2171,yellow,0.3461,orange,0.2979,yellow,0.0,orange,0.2509,green,0.2329,orange,0.1626,yellow,0.5068,yellow,0.3054,yellow,0.4253,green,1.0,green,0.0009,green,0.1758,orange,0.0156,green,0.0582,green,0.5753,yellow,0.2299,green,0.0582,yellow,0.2973,orange,0.2396,yellow,0.2694,red,0.5181,red,0.9379,yellow,0.2824,green,0.0201,red,0.3279,yellow,0.4063,orange,0.9166,yellow,0.3291,red,0.3704,red,0.0077,red,0.4373,green,0.521,orange,0.5288,green,0.3467,green,0.0783,orange
4219507,0.1877,yellow,0.4209,red,0.3506,yellow,0.0042,red,0.3614,yellow,0.2054,green,0.1639,orange,0.0242,yellow,0.0703,green,0.0031,red,0.241,red,0.2123,orange,0.3195,red,0.0583,red,0.4057,green,0.437,red,0.099,yellow,0.6422,red,0.2366,orange,0.2212,yellow,0.257,green,0.0944,red,0.2801,green,0.1495,yellow,0.2339,orange,0.472,yellow,0.1068,green,0.1094,red,0.7459,red,0.2042,orange,0.1138,red,0.1964,orange,0.3899,orange,0.4798,orange,0.3788,orange,0.1323,orange,0.4466,yellow,0.1807,orange,0.7564,orange,0.8462,yellow,0.9406,yellow,0.1478,yellow,0.0331,orange,0.6258,red,0.3778,orange,0.2235,red,0.4106,orange,0.2962,orange,0.0096,red,0.7491,red,0.6133,orange,0.4853,yellow,0.1117,red,0.5431,green
4219606,0.0764,green,0.2019,green,0.6289,red,0.0,red,0.3327,green,0.2176,green,0.6087,green,0.1869,red,0.1865,yellow,0.0424,yellow,0.0,green,0.0,green,0.0,green,0.2036,yellow,0.0671,orange,0.5541,orange,0.273,orange,0.7976,red,0.549,red,0.299,orange,0.7103,red,0.0,orange,0.7433,red,0.5553,red,0.156,yellow,0.7335,green,0.1477,green,0.4657,green,0.8117,red,0.1588,orange,0.2267,yellow,0.6504,red,0.4191,orange,0.9338,green,0.0914,green,0.0372,green,0.449,yellow,1.0,green,0.8173,yellow,0.8042,yellow,0.9482,green,0.1217,orange,0.0074,red,0.1031,green,0.0686,red,0.6022,red,0.5844,green,0.1501,green,0.5246,green,0.6989,red,0.1253,red,0.1485,red,0.0712,red,0.2177,yellow
4219705,0.1793,yellow,0.3592,orange,0.8203,red,0.0,red,0.3901,yellow,0.1492,yellow,0.3058,green,0.022,green,0.2311,orange,0.0066,red,0.2721,red,0.384,red,0.3157,red,0.1325,orange,0.1983,yellow,0.5232,red,0.1192,yellow,0.5672,red,0.1718,yellow,0.2217,yellow,0.4286,orange,0.2318,red,0.4555,orange,0.2299,orange,0.2157,orange,0.4159,yellow,0.1695,green,0.2012,orange,0.9022,orange,0.2739,red,0.2031,yellow,0.4666,red,0.344,orange,0.3902,red,0.3299,orange,0.1687,red,0.4819,yellow,0.123,red,0.7882,orange,0.783,yellow,0.9264,yellow,0.1474,yellow,0.0452,yellow,0.5139,orange,0.6029,green,0.7704,orange,0.455,yellow,0.2699,orange,0.0772,green,0.7984,red,0.8605,green,0.6577,green,0.1189,orange,0.1981,yellow
4219853,0.1529,green,0.3995,orange,0.8166,red,0.0,red,0.3858,yellow,0.0217,red,0.2281,yellow,0.0631,orange,0.1036,green,0.0366,yellow,0.0631,green,0.0909,yellow,0.1192,yellow,0.2553,yellow,0.0259,red,0.5269,red,0.0318,green,0.5725,red,0.0751,green,0.522,red,0.478,red,0.0,orange,0.5002,red,0.2641,red,0.0,green,0.6217,green,0.0651,green,0.3703,yellow,1.0,green,0.0194,yellow,0.1467,orange,0.0366,green,0.5812,red,0.4751,orange,0.3798,orange,0.0824,yellow,0.5082,yellow,0.0732,red,0.8564,yellow,0.9926,green,0.9482,green,0.3906,green,0.4467,green,0.8118,red,0.5963,green,0.9646,green,0.582,green,0.2563,orange,0.0358,yellow,0.5604,yellow,0.9275,green,0.0628,red,0.2722,green,0.0256,red
4220000,0.1821,yellow,0.3985,orange,0.1874,green,0.6648,red,0.3953,yellow,0.0625,red,0.327,green,0.0002,green,0.0627,green,0.0003,red,0.6657,red,0.766,red,0.6871,red,0.318,yellow,0.3592,green,0.864,green,0.3083,red,0.4415,orange,0.3236,orange,0.25,yellow,0.4267,orange,0.0,orange,0.5471,red,0.2272,orange,0.4456,red,0.038,red,1.0,red,0.1417,red,1.0,green,0.0076,yellow,0.2236,yellow,0.2941,red,0.4355,orange,0.3464,red,0.5864,red,0.4959,red,0.2555,red,0.0639,red,0.828,yellow,0.8742,green,0.9044,orange,0.6648,green,0.1143,green,0.7448,red,0.1443,red,0.8174,orange,0.4979,yellow,0.1912,yellow,0.0061,red,0.5453,yellow,0.976,green,0.1424,red,1.0,green,0.1168,orange
